Filename	Geneset	logFC	AveExpr	t	P.Value	adj.P.Val	B
cluster_10_pathway_stranded.tsv	HALLMARK_HEDGEHOG_SIGNALING	-0.2798933678484954	-0.029993930341349596	-6.932773030820748	9.025310522585553e-12	2.797846262001522e-10	16.159396310124293
cluster_10_pathway_stranded.tsv	HALLMARK_BILE_ACID_METABOLISM	-0.1633601543609381	-0.007111074302410953	-3.5890160498896133	3.53903273503745e-4	0.005485500739308048	-0.592246510948689
cluster_10_pathway_stranded.tsv	HALLMARK_MYC_TARGETS_V2	0.1866560413365484	-0.04567099625660226	2.760072137523735	0.0059224356157288474	0.061198501362531424	-3.1662340749304843
cluster_10_pathway_stranded.tsv	HALLMARK_NOTCH_SIGNALING	-0.12744806939780876	-0.030098942483312272	-2.5803747357044005	0.01006170740876977	0.07797823241796571	-3.6375556623614465
cluster_10_pathway_stranded.tsv	HALLMARK_OXIDATIVE_PHOSPHORYLATION	-0.16162514444236709	-0.01122628204001356	-2.3446069829470764	0.01931172113429546	0.1119370872084045	-4.208655893464309
cluster_10_pathway_stranded.tsv	HALLMARK_FATTY_ACID_METABOLISM	-0.1130533321737882	-0.009376398601252662	-2.3010825493426292	0.021665242685497646	0.1119370872084045	-4.308198498094235
cluster_10_pathway_stranded.tsv	HALLMARK_CHOLESTEROL_HOMEOSTASIS	-0.11909951402085782	-0.02766979591490295	-2.2112339224850635	0.02732590879437922	0.12101473894653655	-4.507870045856441
cluster_11_pathway_stranded.tsv	HALLMARK_E2F_TARGETS	0.6576523222005027	-0.06944216455778567	8.477288809647987	1.1915883262273617e-16	3.693923811304821e-15	27.025687174058234
cluster_11_pathway_stranded.tsv	HALLMARK_MYC_TARGETS_V2	0.5723970068220049	-0.046597139024337944	8.32764086146792	3.8255242974509713e-16	4.934262675278744e-15	25.881565540357848
cluster_11_pathway_stranded.tsv	HALLMARK_NOTCH_SIGNALING	-0.41557020934407746	-0.03237432355912559	-8.298949664473922	4.775092911560075e-16	4.934262675278744e-15	25.66414321366569
cluster_11_pathway_stranded.tsv	HALLMARK_G2M_CHECKPOINT	0.5943108593461854	-0.07432649029668205	8.261321071723206	6.380591656178995e-16	4.944958533538721e-15	25.379940802869136
cluster_11_pathway_stranded.tsv	HALLMARK_INTERFERON_ALPHA_RESPONSE	-0.6297850757604941	-0.0059245869066839995	-7.903367380707503	9.529148390028947e-15	5.908072001817947e-14	22.73063566431784
cluster_11_pathway_stranded.tsv	HALLMARK_INTERFERON_GAMMA_RESPONSE	-0.5633112803548412	-0.00937767110042385	-7.575734879160635	1.038347693422757e-13	5.364796416017578e-13	20.393121466815263
cluster_11_pathway_stranded.tsv	HALLMARK_BILE_ACID_METABOLISM	-0.3476870068225967	-0.00853333127505159	-7.418262451267663	3.176612851930861e-13	1.4067856915693813e-12	19.299850946401026
cluster_11_pathway_stranded.tsv	HALLMARK_TNFA_SIGNALING_VIA_NFKB	-0.4918201685841803	-0.02415909239177432	-7.18235952950999	1.6350449470163659e-12	5.673767762096089e-12	17.69930695459744
cluster_11_pathway_stranded.tsv	HALLMARK_IL6_JAK_STAT3_SIGNALING	-0.5018049726788169	-0.005023698880108244	-7.181276422622842	1.647222898673058e-12	5.673767762096089e-12	17.692062119791455
cluster_11_pathway_stranded.tsv	HALLMARK_IL2_STAT5_SIGNALING	-0.39278023911209636	-0.02159862458860919	-7.136159165027942	2.2419828237915102e-12	6.950146753753682e-12	17.391122846823542
cluster_11_pathway_stranded.tsv	HALLMARK_KRAS_SIGNALING_UP	-0.33137264559459845	-0.025878594031238173	-6.876864188904139	1.2772675787631608e-11	3.5995722674234534e-11	15.69384984921517
cluster_11_pathway_stranded.tsv	HALLMARK_CHOLESTEROL_HOMEOSTASIS	-0.37186148087309523	-0.030767321177853635	-6.726398290540559	3.4192807422026326e-11	8.833141917356801e-11	14.734354216318657
cluster_11_pathway_stranded.tsv	HALLMARK_APOPTOSIS	-0.34691125842409837	-0.02889015670980083	-6.437479766857839	2.1504218155175987e-10	5.127928944695812e-10	12.944944449316491
cluster_11_pathway_stranded.tsv	HALLMARK_P53_PATHWAY	-0.3104282991912595	-0.02908904662732365	-6.061651589276071	2.1201394155832803e-9	4.388368118092854e-9	10.722974537697144
cluster_11_pathway_stranded.tsv	HALLMARK_MYC_TARGETS_V1	0.4562356076904533	-0.0284765285174657	6.061392201680674	2.123403928109445e-9	4.388368118092854e-9	10.721482720325728
cluster_11_pathway_stranded.tsv	HALLMARK_TGF_BETA_SIGNALING	-0.33805273724198603	-0.03639220872088223	-6.004770314416439	2.9669130662384407e-9	5.748394065836979e-9	10.397220345675603
cluster_11_pathway_stranded.tsv	HALLMARK_PROTEIN_SECRETION	-0.3752495242440547	-0.019891792273316375	-5.640375021338906	2.3933985235152496e-8	4.364432601704279e-8	8.37692309591343
cluster_11_pathway_stranded.tsv	HALLMARK_KRAS_SIGNALING_DN	-0.15292161596411394	-0.0026448826385041075	-5.453953796288344	6.665909240625978e-8	1.1480177025522519e-7	7.388294054686225
cluster_11_pathway_stranded.tsv	KEGG_SPLICEOSOME	0.3858939198372794	-0.02583208623792915	5.406705629420413	8.60091996250757e-8	1.403307993882814e-7	7.142601733383553
cluster_11_pathway_stranded.tsv	HALLMARK_FATTY_ACID_METABOLISM	-0.25700729276636697	-0.011619316196018215	-5.041215459010561	5.786691461281319e-7	8.969371764986045e-7	5.309202327434309
cluster_11_pathway_stranded.tsv	HALLMARK_REACTIVE_OXYGEN_SPECIES_PATHWAY	-0.27091606067250973	-0.0339222020107507	-4.9315382042673095	1.0023644846920073e-6	1.4796809059739156e-6	4.782400260961384
cluster_11_pathway_stranded.tsv	HALLMARK_PI3K_AKT_MTOR_SIGNALING	-0.23221734797956098	-0.029618162422700673	-4.628538825925021	4.329134877606429e-6	6.1001446002636045e-6	3.3836783039715383
cluster_11_pathway_stranded.tsv	HALLMARK_DNA_REPAIR	0.1697540291970922	-0.03517686771371447	2.9921182677919957	0.0028600950519179795	0.003823205995797929	-2.6981392498906107
cluster_11_pathway_stranded.tsv	HALLMARK_EPITHELIAL_MESENCHYMAL_TRANSITION	-0.1859240157670892	-0.027083400879474827	-2.9815065903107296	0.0029599014161016224	0.003823205995797929	-2.729306935680933
cluster_11_pathway_stranded.tsv	HALLMARK_GLYCOLYSIS	-0.13472990973182608	-0.03322744370898544	-2.9133542233180187	0.003680521367331807	0.00456384649549144	-2.9268988735281267
cluster_11_pathway_stranded.tsv	HALLMARK_HEDGEHOG_SIGNALING	-0.11739819034737699	-0.029965223237660904	-2.673710505572431	0.007662679072622614	0.009136271201973117	-3.5861629816539553
cluster_11_pathway_stranded.tsv	HALLMARK_MITOTIC_SPINDLE	0.10845825573105689	-0.060262836233106916	2.4470510224608124	0.014628334050489083	0.01679549465056154	-4.1586026092082
cluster_11_pathway_stranded.tsv	HALLMARK_UNFOLDED_PROTEIN_RESPONSE	0.13233059676353057	-0.032322061402687646	2.2491977350113066	0.024785292503416264	0.027440859557353724	-4.617495584327968
cluster_11_pathway_stranded.tsv	HALLMARK_MTORC1_SIGNALING	-0.11768688290449382	-0.03384248323676415	-2.0574141060577187	0.03998686258074381	0.04274457724148476	-5.025876385229086
cluster_1_pathway_stranded.tsv	HALLMARK_HEDGEHOG_SIGNALING	0.333671566014703	-0.029993930341349596	14.967845049135375	2.0381412805553074e-44	6.318237969721453e-43	90.00864276991685
cluster_1_pathway_stranded.tsv	HALLMARK_KRAS_SIGNALING_UP	0.3669836274490604	-0.0239886216167594	14.467166675331985	6.211455754107434e-42	9.627756418866522e-41	84.32235637793325
cluster_1_pathway_stranded.tsv	HALLMARK_CHOLESTEROL_HOMEOSTASIS	0.4189703732448189	-0.02766979591490295	14.342779224855324	2.530282141373505e-41	2.614624879419289e-40	82.92623787579414
cluster_1_pathway_stranded.tsv	HALLMARK_BILE_ACID_METABOLISM	0.345457242772325	-0.007111074302410953	13.81456340809348	9.128308684413337e-39	7.074439230420337e-38	77.0743867588601
cluster_1_pathway_stranded.tsv	HALLMARK_PROTEIN_SECRETION	0.4801633305462062	-0.01777087837006703	13.734981407633402	2.192290005939473e-38	1.3592198036824732e-37	76.20381625673159
cluster_1_pathway_stranded.tsv	HALLMARK_P53_PATHWAY	0.37052557741945674	-0.02757082837648103	13.52820600394832	2.1064217730745385e-37	1.0883179160885117e-36	73.9558186404086
cluster_1_pathway_stranded.tsv	HALLMARK_FATTY_ACID_METABOLISM	0.35837790430303457	-0.009376398601252662	13.227583050272619	5.449493707526643e-36	2.413347213333228e-35	70.72432443680742
cluster_1_pathway_stranded.tsv	HALLMARK_IL6_JAK_STAT3_SIGNALING	0.4684830196211367	-0.0028624441166512477	12.313179291983703	8.176367996650452e-32	3.1683425987020503e-31	61.17683599852904
cluster_1_pathway_stranded.tsv	HALLMARK_TGF_BETA_SIGNALING	0.36852194132612975	-0.033951839265586634	12.070133912961152	9.780674223252248e-31	3.368898899120219e-30	58.714099741299904
cluster_1_pathway_stranded.tsv	HALLMARK_INTERFERON_ALPHA_RESPONSE	0.5151982783295894	-0.0038545090982817056	11.685159744201574	4.6610173114281896e-29	1.444915366542739e-28	54.88095650283451
cluster_1_pathway_stranded.tsv	HALLMARK_IL2_STAT5_SIGNALING	0.35220231895231535	-0.018720508321071194	11.59873252189298	1.0969987442036665e-28	3.0915419154830606e-28	54.03208458276555
cluster_1_pathway_stranded.tsv	HALLMARK_INTERFERON_GAMMA_RESPONSE	0.4737581694617339	-0.006861125153055978	11.518050759066558	2.429590206203174e-28	6.276441366024866e-28	53.24357331601638
cluster_1_pathway_stranded.tsv	HALLMARK_NOTCH_SIGNALING	0.30854871510865756	-0.030098942483312272	10.973779056890548	4.6945559453299904e-26	1.1194710331171514e-25	48.02565996021423
cluster_1_pathway_stranded.tsv	HALLMARK_APOPTOSIS	0.315244118783	-0.026235138050443203	10.491984787547171	4.265516285411739e-24	9.44507177484028e-24	43.55885791529133
cluster_1_pathway_stranded.tsv	HALLMARK_PI3K_AKT_MTOR_SIGNALING	0.27263769972359597	-0.028255858530809957	9.846606876692558	1.4212157669933115e-21	2.9371792517861775e-21	37.81019188086336
cluster_1_pathway_stranded.tsv	HALLMARK_TNFA_SIGNALING_VIA_NFKB	0.36453379848729245	-0.0228183633803684	9.4184334530592	5.755549761274472e-20	1.1151377662469289e-19	34.150948420319565
cluster_1_pathway_stranded.tsv	HALLMARK_REACTIVE_OXYGEN_SPECIES_PATHWAY	0.2682898623809246	-0.03143422944910343	8.706055789028277	2.0514634205419986e-17	3.740903884517762e-17	28.349009910768654
cluster_1_pathway_stranded.tsv	HALLMARK_MTORC1_SIGNALING	0.2636899060550677	-0.03138368742402099	8.31066285995341	4.572056388961946e-16	7.874097114323353e-16	25.28881979514004
cluster_1_pathway_stranded.tsv	HALLMARK_GLYCOLYSIS	0.20892345336550913	-0.030571791134473402	8.067563407398016	2.9105082522302896e-15	4.748723990480999e-15	23.465829263781192
cluster_1_pathway_stranded.tsv	HALLMARK_OXIDATIVE_PHOSPHORYLATION	0.31242075753289367	-0.01122628204001356	7.671361820200763	5.4009276785580247e-14	8.371437901764938e-14	20.592385670031884
cluster_1_pathway_stranded.tsv	HALLMARK_UNFOLDED_PROTEIN_RESPONSE	0.20944510974735292	-0.03131318018315178	6.259812705650521	6.543025773885615e-10	9.658752332878765e-10	11.380805314426357
cluster_1_pathway_stranded.tsv	HALLMARK_E2F_TARGETS	-0.2809835644708723	-0.0695894480873987	-6.215581409000025	8.55798354038434e-10	1.2058976806905206e-9	11.118956983024205
cluster_1_pathway_stranded.tsv	HALLMARK_G2M_CHECKPOINT	-0.25378929712300663	-0.07352176895286065	-6.087345197030611	1.8467174391691148e-9	2.4890539397496765e-9	10.369264300308568
cluster_1_pathway_stranded.tsv	HALLMARK_KRAS_SIGNALING_DN	0.09384374746201699	-9.410027813297501e-4	5.852619880292804	7.283122720844579e-9	9.171978409115758e-9	9.033713346358383
cluster_1_pathway_stranded.tsv	HALLMARK_EPITHELIAL_MESENCHYMAL_TRANSITION	0.20823874504965037	-0.025841900939133265	5.8499254268695	7.396756781544966e-9	9.171978409115758e-9	9.018659494585311
cluster_1_pathway_stranded.tsv	HALLMARK_WNT_BETA_CATENIN_SIGNALING	0.13315434138469892	-0.03961019209610413	5.403015388225215	8.855239877946128e-8	1.0558170623704998e-7	6.609776084208466
cluster_1_pathway_stranded.tsv	HALLMARK_DNA_REPAIR	0.09602565515688276	-0.03300424919511623	2.9109754445897096	0.0037118180797836233	0.004261717054566383	-3.4845361015340472
cluster_2_pathway_stranded.tsv	HALLMARK_UNFOLDED_PROTEIN_RESPONSE	-0.2561670972077152	-0.03131318018315178	-5.252152670989363	1.9692278969159591e-7	4.217329110234221e-6	6.6840832154850425
cluster_2_pathway_stranded.tsv	HALLMARK_EPITHELIAL_MESENCHYMAL_TRANSITION	-0.2649059654681433	-0.025841900939133265	-5.117371681812546	3.9562230866428315e-7	4.217329110234221e-6	6.020501933073648
cluster_2_pathway_stranded.tsv	HALLMARK_MYC_TARGETS_V1	-0.3246988740066782	-0.027260298538890868	-5.111287384578917	4.081286235710536e-7	4.217329110234221e-6	5.99092467311338
cluster_2_pathway_stranded.tsv	HALLMARK_KRAS_SIGNALING_DN	0.11661803655693727	-9.410027813297501e-4	4.979781903544093	7.9346261005198e-7	5.185903853965787e-6	5.359658959443552
cluster_2_pathway_stranded.tsv	HALLMARK_DNA_REPAIR	-0.2346349255249423	-0.03300424919511623	-4.96921993203628	8.364361054783527e-7	5.185903853965787e-6	5.309624343627156
cluster_2_pathway_stranded.tsv	HALLMARK_GLYCOLYSIS	-0.18456738022665536	-0.030571791134473402	-4.792086714052195	1.996622244781708e-6	1.0315881598038826e-5	4.485322431272035
cluster_2_pathway_stranded.tsv	HALLMARK_MYC_TARGETS_V2	-0.2648066377388633	-0.04567099625660226	-4.4627114816659335	9.358161177291005e-6	4.144328521371731e-5	3.0274298908947355
cluster_2_pathway_stranded.tsv	HALLMARK_E2F_TARGETS	-0.28524050397037937	-0.0695894480873987	-4.306219045728897	1.885406506447736e-5	7.305950212484978e-5	2.3691719291744153
cluster_2_pathway_stranded.tsv	HALLMARK_G2M_CHECKPOINT	-0.25024547308907724	-0.07352176895286065	-4.095404172181427	4.681014879740953e-5	1.6123495696885505e-4	1.5177603988356267
cluster_2_pathway_stranded.tsv	KEGG_SPLICEOSOME	-0.2397230137336064	-0.023391142961953524	-3.99661918895062	7.071441518979589e-5	2.1921468708836726e-4	1.1328357094904034
cluster_2_pathway_stranded.tsv	HALLMARK_MTORC1_SIGNALING	-0.1876325017314817	-0.03138368742402099	-3.9491303539610474	8.596036462118825e-5	2.4225193665971235e-4	0.9509916632213056
cluster_2_pathway_stranded.tsv	HALLMARK_P53_PATHWAY	-0.17172248770024004	-0.02757082837648103	-3.9175654389146133	9.776302208581056e-5	2.525544737216773e-4	0.831275378888999
cluster_2_pathway_stranded.tsv	HALLMARK_APOPTOSIS	-0.17863350368585448	-0.026235138050443203	-3.8711093618292276	1.1795347584823439e-4	2.8127367317655895e-4	0.6567568934735437
cluster_2_pathway_stranded.tsv	HALLMARK_TNFA_SIGNALING_VIA_NFKB	-0.21034679794866765	-0.0228183633803684	-3.5805424396156362	3.653728401783774e-4	8.090398603949785e-4	-0.38935178345480104
cluster_2_pathway_stranded.tsv	HALLMARK_TGF_BETA_SIGNALING	-0.16399411307022388	-0.033951839265586634	-3.418773860267044	6.63627516786411e-4	0.0013714968680252496	-0.9376266081363918
cluster_2_pathway_stranded.tsv	HALLMARK_PI3K_AKT_MTOR_SIGNALING	-0.11684850664618261	-0.028255858530809957	-2.755117492991844	0.006011902579467166	0.011601108638438357	-2.9287377957658554
cluster_2_pathway_stranded.tsv	HALLMARK_OXIDATIVE_PHOSPHORYLATION	-0.16664628441268164	-0.01122628204001356	-2.736358387499857	0.006361898285595228	0.011601108638438357	-2.9789416570646075
cluster_2_pathway_stranded.tsv	HALLMARK_WNT_BETA_CATENIN_SIGNALING	-0.09807390539061779	-0.03961019209610413	-2.708828619171548	0.006908841400905742	0.011898560190448779	-3.0520094978233843
cluster_2_pathway_stranded.tsv	HALLMARK_IL2_STAT5_SIGNALING	-0.1224805078435953	-0.018720508321071194	-2.5749010002729245	0.010220830511048646	0.01667609188644779	-3.3971342231676123
cluster_2_pathway_stranded.tsv	HALLMARK_IL6_JAK_STAT3_SIGNALING	-0.14162460442463015	-0.0028624441166512477	-2.352458048313422	0.018911852954842358	0.029313372080005656	-3.9323560149225383
cluster_2_pathway_stranded.tsv	HALLMARK_REACTIVE_OXYGEN_SPECIES_PATHWAY	-0.10241874389073968	-0.03143422944910343	-2.194245115048929	0.0285292073710605	0.04211454421442264	-4.284061490775339
cluster_2_pathway_stranded.tsv	HALLMARK_INTERFERON_GAMMA_RESPONSE	-0.13868580807960756	-0.006861125153055978	-2.152869920393258	0.031652795343363356	0.04460166616564837	-4.372054717629965
cluster_3_pathway_stranded.tsv	HALLMARK_APOPTOSIS	0.403662298554257	-0.026235138050443203	9.705993175759733	4.8435213909638536e-21	1.5014916311987946e-19	36.898611002629906
cluster_3_pathway_stranded.tsv	HALLMARK_REACTIVE_OXYGEN_SPECIES_PATHWAY	0.39283395606171906	-0.03143422944910343	9.365185041734641	9.016206428979731e-20	1.0326120710824896e-18	34.0175168029731
cluster_3_pathway_stranded.tsv	HALLMARK_INTERFERON_GAMMA_RESPONSE	0.5405345028544404	-0.006861125153055978	9.334535227860014	1.1682294379440097e-19	1.0326120710824896e-18	33.7623646253154
cluster_3_pathway_stranded.tsv	HALLMARK_INTERFERON_ALPHA_RESPONSE	0.5797927339197994	-0.0038545090982817056	9.31894777812729	1.3324026723645026e-19	1.0326120710824896e-18	33.632855580773445
cluster_3_pathway_stranded.tsv	HALLMARK_P53_PATHWAY	0.3469324205049947	-0.02757082837648103	8.679557614756684	2.529749631574056e-17	1.5684447715759148e-16	28.469746538557928
cluster_3_pathway_stranded.tsv	HALLMARK_EPITHELIAL_MESENCHYMAL_TRANSITION	0.4104541621942667	-0.025841900939133265	8.628319212594352	3.803299028570524e-17	1.965037831428104e-16	28.068823957158386
cluster_3_pathway_stranded.tsv	HALLMARK_IL6_JAK_STAT3_SIGNALING	0.4651126634983055	-0.0028624441166512477	8.5126783175545	9.479084778552612e-17	4.197880401930443e-16	27.17110420467659
cluster_3_pathway_stranded.tsv	HALLMARK_IL2_STAT5_SIGNALING	0.3580152888046761	-0.018720508321071194	8.266134774592908	6.427667255530789e-16	2.4907210615181807e-15	25.29048995628203
cluster_3_pathway_stranded.tsv	HALLMARK_TNFA_SIGNALING_VIA_NFKB	0.42213345981470224	-0.0228183633803684	7.824014879849397	1.775402926364879e-14	6.115276746367917e-14	22.033633886826195
cluster_3_pathway_stranded.tsv	HALLMARK_FATTY_ACID_METABOLISM	0.30126749240087125	-0.009376398601252662	7.567124589532478	1.1401758114165206e-13	3.534545015391214e-13	20.21083888054469
cluster_3_pathway_stranded.tsv	HALLMARK_PI3K_AKT_MTOR_SIGNALING	0.2851017573158748	-0.028255858530809957	7.3097203152265795	6.981054343948379e-13	1.9673880423854525e-12	18.436713605958964
cluster_3_pathway_stranded.tsv	HALLMARK_KRAS_SIGNALING_UP	0.2715385481618692	-0.0239886216167594	7.120805648280268	2.5530763636825146e-12	6.5954472728464964e-12	17.168436043708883
cluster_3_pathway_stranded.tsv	HALLMARK_CHOLESTEROL_HOMEOSTASIS	0.30591044479866525	-0.02766979591490295	6.972448555895794	6.928834228717664e-12	1.5183998921198963e-11	16.1927276154654
cluster_3_pathway_stranded.tsv	HALLMARK_MTORC1_SIGNALING	0.30717782283515693	-0.03138368742402099	6.971114767548162	6.9907482977645546e-12	1.5183998921198963e-11	16.18403708222109
cluster_3_pathway_stranded.tsv	HALLMARK_GLYCOLYSIS	0.2499613712083274	-0.030571791134473402	6.96365662659955	7.347096252193046e-12	1.5183998921198963e-11	16.13546908412064
cluster_3_pathway_stranded.tsv	HALLMARK_BILE_ACID_METABOLISM	0.22963317890317647	-0.007111074302410953	6.116401045881435	1.5523893462749475e-9	3.007754358407711e-9	10.919084730107528
cluster_3_pathway_stranded.tsv	HALLMARK_PROTEIN_SECRETION	0.30920819606230815	-0.01777087837006703	5.891749238956279	5.809898561731966e-9	1.0594520906687702e-8	9.637944171702653
cluster_3_pathway_stranded.tsv	HALLMARK_OXIDATIVE_PHOSPHORYLATION	0.3206583310647711	-0.01122628204001356	5.6468774902652346	2.332753750442509e-8	4.0175203479843214e-8	8.291261522851403
cluster_3_pathway_stranded.tsv	HALLMARK_TGF_BETA_SIGNALING	0.22525240546488567	-0.033951839265586634	4.999640082718204	7.183224960350553e-7	1.1719998619519325e-6	4.985991521426367
cluster_3_pathway_stranded.tsv	HALLMARK_NOTCH_SIGNALING	0.1984826701912191	-0.030098942483312272	4.848131571340867	1.5205620057426315e-6	2.3568711089010788e-6	4.266370337062284
cluster_3_pathway_stranded.tsv	HALLMARK_UNFOLDED_PROTEIN_RESPONSE	0.20124584483824065	-0.03131318018315178	4.3292678608107416	1.7028425915684086e-5	2.5137200161247938e-5	1.9601584683135052
cluster_3_pathway_stranded.tsv	HALLMARK_DNA_REPAIR	0.16076528607448995	-0.03300424919511623	3.5648940833118927	3.874758118499676e-4	5.459886439704089e-4	-0.9832929397826238
cluster_3_pathway_stranded.tsv	HALLMARK_HEDGEHOG_SIGNALING	0.08995457065273053	-0.029993930341349596	2.587224919243127	0.009865564146383635	0.013297064719038812	-3.9410863290606786
cluster_4_pathway_stranded.tsv	HALLMARK_HEDGEHOG_SIGNALING	-0.1476753463471627	-0.029993930341349596	-5.08238874801907	4.7296559537614413e-7	1.4661933456660468e-5	5.8692146754458605
cluster_4_pathway_stranded.tsv	HALLMARK_GLYCOLYSIS	0.14671224956527051	-0.030571791134473402	4.748697518199803	2.4606949046197136e-6	3.814077102160556e-5	4.30786498205091
cluster_4_pathway_stranded.tsv	HALLMARK_BILE_ACID_METABOLISM	0.13655578169395777	-0.007111074302410953	4.243236315419655	2.4842726153577905e-5	2.5670817025363836e-4	2.1332877719622783
cluster_4_pathway_stranded.tsv	HALLMARK_KRAS_SIGNALING_UP	-0.12117699421426184	-0.0239886216167594	-3.664615126461175	2.65480743244033e-4	0.001782723587239703	-0.06942580121233011
cluster_4_pathway_stranded.tsv	HALLMARK_NOTCH_SIGNALING	0.12711631069227797	-0.030098942483312272	3.643762836047136	2.875360624580166e-4	0.001782723587239703	-0.14302440932824556
cluster_4_pathway_stranded.tsv	HALLMARK_WNT_BETA_CATENIN_SIGNALING	0.09546856554179997	-0.03961019209610413	3.29592650565674	0.001027955286829034	0.005311102315283343	-1.3108204488780872
cluster_4_pathway_stranded.tsv	HALLMARK_EPITHELIAL_MESENCHYMAL_TRANSITION	0.11427745803842151	-0.025841900939133265	2.718540255996771	0.006711280761620785	0.029721386230034907	-2.9975941208499735
cluster_4_pathway_stranded.tsv	HALLMARK_MITOTIC_SPINDLE	-0.07589154157189723	-0.05726697648137608	-2.6382328716089187	0.008509849479520652	0.03297566673314253	-3.2071062148035163
cluster_4_pathway_stranded.tsv	HALLMARK_PROTEIN_SECRETION	-0.100891355225983	-0.01777087837006703	-2.2271606254401024	0.026237920238794565	0.0903750586002924	-4.182790366512146
cluster_4_pathway_stranded.tsv	HALLMARK_IL6_JAK_STAT3_SIGNALING	-0.09598238993331175	-0.0028624441166512477	-1.9858115444252518	0.04742445521008694	0.14701581115126952	-4.679846789446157
cluster_5_pathway_stranded.tsv	HALLMARK_EPITHELIAL_MESENCHYMAL_TRANSITION	0.520374317277418	-0.025841900939133265	11.289205932879947	2.2563734618906284e-27	6.994757731860948e-26	51.217616677042194
cluster_5_pathway_stranded.tsv	HALLMARK_TNFA_SIGNALING_VIA_NFKB	0.43664821200826953	-0.0228183633803684	8.11603614777382	2.0157286191259685e-15	2.294597586477687e-14	24.058690037273244
cluster_5_pathway_stranded.tsv	HALLMARK_IL6_JAK_STAT3_SIGNALING	0.4446411737302899	-0.0028624441166512477	8.103225587521566	2.2205783094945356e-15	2.294597586477687e-14	23.963551005672265
cluster_5_pathway_stranded.tsv	HALLMARK_IL2_STAT5_SIGNALING	0.3353372152965758	-0.018720508321071194	7.697646979139001	4.45946656188674e-14	3.456086585462224e-13	21.01697533628623
cluster_5_pathway_stranded.tsv	HALLMARK_INTERFERON_GAMMA_RESPONSE	0.45000173033575575	-0.006861125153055978	7.6335160816819805	7.083929519727246e-14	4.392036302230893e-13	20.562802690976667
cluster_5_pathway_stranded.tsv	HALLMARK_INTERFERON_ALPHA_RESPONSE	0.43659042254660346	-0.0038545090982817056	6.844686226990782	1.61385936113499e-11	8.338273365864116e-11	15.245470172857887
cluster_5_pathway_stranded.tsv	HALLMARK_APOPTOSIS	0.26735804373017713	-0.026235138050443203	6.208691456564081	8.916226861220474e-10	3.94861475282621e-9	11.331246007476663
cluster_5_pathway_stranded.tsv	HALLMARK_KRAS_SIGNALING_UP	0.21450747152772126	-0.0239886216167594	5.552616571863933	3.929482217853623e-8	1.522674359418279e-7	7.655233696266752
cluster_5_pathway_stranded.tsv	HALLMARK_BILE_ACID_METABOLISM	-0.19876653811084816	-0.007111074302410953	-5.259614347328144	1.8935311427565753e-7	6.522162825050426e-7	6.135264026329844
cluster_5_pathway_stranded.tsv	KEGG_SPLICEOSOME	-0.2771494884816402	-0.023391142961953524	-4.9019615025529335	1.167537455639881e-6	3.619366112483631e-6	4.383764612544095
cluster_5_pathway_stranded.tsv	HALLMARK_HEDGEHOG_SIGNALING	-0.1606675275326062	-0.029993930341349596	-4.6662386500254485	3.6432114681675213e-6	1.0267232319381198e-5	3.292565600036248
cluster_5_pathway_stranded.tsv	HALLMARK_OXIDATIVE_PHOSPHORYLATION	-0.26266466719753395	-0.01122628204001356	-4.59276791563461	5.142786496339418e-6	1.3285531782210165e-5	2.9628094123038764
cluster_5_pathway_stranded.tsv	HALLMARK_TGF_BETA_SIGNALING	0.19364532188984077	-0.033951839265586634	4.278600949068097	2.128600153255343e-5	5.075892673147357e-5	1.6086714775902422
cluster_5_pathway_stranded.tsv	HALLMARK_FATTY_ACID_METABOLISM	-0.15537539510478704	-0.009376398601252662	-3.79521765334547	1.5962434669428754e-4	3.53453910537351e-4	-0.2959693682749194
cluster_5_pathway_stranded.tsv	HALLMARK_MITOTIC_SPINDLE	-0.11720786244201613	-0.05726697648137608	-3.4591147441496375	5.730983872502379e-4	0.0011844033336504919	-1.4909175346489567
cluster_5_pathway_stranded.tsv	HALLMARK_DNA_REPAIR	-0.1543808672289029	-0.03300424919511623	-3.420537970873393	6.593902222791123e-4	0.00127756855566578	-1.6212213629040244
cluster_5_pathway_stranded.tsv	HALLMARK_P53_PATHWAY	0.13990159735014204	-0.02757082837648103	3.358660661596783	8.234585768215096e-4	0.0015016009342039293	-1.8272719368738608
cluster_5_pathway_stranded.tsv	HALLMARK_PROTEIN_SECRETION	-0.17478275689728637	-0.01777087837006703	-3.278001914355341	0.0010944614306567491	0.001884905797242179	-2.090385500613805
cluster_5_pathway_stranded.tsv	HALLMARK_KRAS_SIGNALING_DN	-0.04666096876861928	-9.410027813297501e-4	-2.073184924230323	0.038501850761703524	0.06281880913751628	-5.274246966318182
cluster_6_pathway_stranded.tsv	HALLMARK_KRAS_SIGNALING_DN	0.25801793946450596	-9.410027813297501e-4	13.499352139060454	2.8758306514143313e-37	8.915075019384428e-36	73.70720246730588
cluster_6_pathway_stranded.tsv	HALLMARK_WNT_BETA_CATENIN_SIGNALING	-0.2895993244750578	-0.03961019209610413	-9.381657109853244	7.85756100511036e-20	1.217921955792106e-18	33.926015604203194
cluster_6_pathway_stranded.tsv	HALLMARK_E2F_TARGETS	-0.5189862808746034	-0.0695894480873987	-9.085245366584209	9.392159120279776e-19	9.705231090955769e-18	31.476611553103382
cluster_6_pathway_stranded.tsv	HALLMARK_G2M_CHECKPOINT	-0.47321864852433076	-0.07352176895286065	-8.980843192172618	2.217639809262414e-18	1.7186708521783708e-17	30.628803294531608
cluster_6_pathway_stranded.tsv	KEGG_SPLICEOSOME	-0.43669708608701235	-0.023391142961953524	-8.394598843250321	2.387251516846313e-16	1.4800959404447143e-15	26.015958311050383
cluster_6_pathway_stranded.tsv	HALLMARK_DNA_REPAIR	-0.3439127565604771	-0.03300424919511623	-8.347342680117965	3.4430683312524154e-16	1.778918637813748e-15	25.655241734323205
cluster_6_pathway_stranded.tsv	HALLMARK_MYC_TARGETS_V2	-0.4211731457501437	-0.04567099625660226	-8.141538996426563	1.664159965496805e-15	7.369851275771566e-15	24.10400594098213
cluster_6_pathway_stranded.tsv	HALLMARK_EPITHELIAL_MESENCHYMAL_TRANSITION	-0.34046597104943105	-0.025841900939133265	-7.46408461482831	2.371671284049163e-13	9.190226225690508e-13	19.228761481554287
cluster_6_pathway_stranded.tsv	HALLMARK_MYC_TARGETS_V1	-0.4147958148663228	-0.027260298538890868	-7.405414099622252	3.5838021837927724e-13	1.2344207521952884e-12	18.823551013471782
cluster_6_pathway_stranded.tsv	HALLMARK_UNFOLDED_PROTEIN_RESPONSE	-0.31081010350819527	-0.03131318018315178	-7.208619872979342	1.4032657327016162e-12	4.3501237713750104e-12	17.48455521741814
cluster_6_pathway_stranded.tsv	HALLMARK_IL6_JAK_STAT3_SIGNALING	-0.3479564640386925	-0.0028624441166512477	-6.597897700701917	7.967252499442585e-11	2.245316613479274e-10	13.53037823446055
cluster_6_pathway_stranded.tsv	HALLMARK_P53_PATHWAY	-0.24537676606761843	-0.02757082837648103	-6.336416837870493	4.0936233211858296e-10	1.057519357973006e-9	11.93229278698212
cluster_6_pathway_stranded.tsv	HALLMARK_INTERFERON_ALPHA_RESPONSE	-0.38252343099528147	-0.0038545090982817056	-6.297904002055076	5.184788985666956e-10	1.2363727581205818e-9	11.701800288267936
cluster_6_pathway_stranded.tsv	HALLMARK_INTERFERON_GAMMA_RESPONSE	-0.3524600643260858	-0.006861125153055978	-6.230504181537427	7.817048720958788e-10	1.730917931069446e-9	11.301461730046618
cluster_6_pathway_stranded.tsv	HALLMARK_TNFA_SIGNALING_VIA_NFKB	-0.3213775132386814	-0.0228183633803684	-6.193952236468675	9.751209397570143e-10	2.0152499421644965e-9	11.085972677017374
cluster_6_pathway_stranded.tsv	HALLMARK_TGF_BETA_SIGNALING	-0.24625781125493823	-0.033951839265586634	-5.800213686147213	9.830123071666224e-9	1.9045863451353308e-8	8.837575413057653
cluster_6_pathway_stranded.tsv	HALLMARK_APOPTOSIS	-0.22682886677246333	-0.026235138050443203	-5.530725047403382	4.432069624590161e-8	8.082009315429117e-8	7.376416341444887
cluster_6_pathway_stranded.tsv	HALLMARK_IL2_STAT5_SIGNALING	-0.22622654089257682	-0.018720508321071194	-5.375048180930301	1.0284089660857714e-7	1.7711487749254954e-7	6.5614886382065
cluster_6_pathway_stranded.tsv	HALLMARK_GLYCOLYSIS	-0.1681080566961773	-0.030571791134473402	-4.864120851690565	1.4064223627804134e-6	2.2946891182206745e-6	4.038954902237048
cluster_6_pathway_stranded.tsv	HALLMARK_MITOTIC_SPINDLE	-0.15320830391865192	-0.05726697648137608	-4.809653233688968	1.8340087516645368e-6	2.842713565080032e-6	3.7839243239708633
cluster_6_pathway_stranded.tsv	HALLMARK_HEDGEHOG_SIGNALING	0.13452389509484047	-0.029993930341349596	4.111770796405157	4.368358001296782e-5	6.448528478104773e-5	0.7569018524204054
cluster_6_pathway_stranded.tsv	HALLMARK_NOTCH_SIGNALING	-0.13851238203197	-0.030098942483312272	-3.544560622776331	4.180996250055939e-4	5.891403806897005e-4	-1.3693487352625402
cluster_6_pathway_stranded.tsv	HALLMARK_MTORC1_SIGNALING	-0.12164798556774158	-0.03138368742402099	-2.8369017587702787	0.004680486972176678	0.00630848244075987	-3.5935212339544624
cluster_6_pathway_stranded.tsv	HALLMARK_OXIDATIVE_PHOSPHORYLATION	0.1288043495004332	-0.01122628204001356	2.3517274883277235	0.01894889959255956	0.024475661973722765	-4.839264814034143
cluster_6_pathway_stranded.tsv	HALLMARK_CHOLESTEROL_HOMEOSTASIS	-0.09167877400677439	-0.02766979591490295	-2.142260201227633	0.03249977951968685	0.039047788354015664	-5.306182213670985
cluster_6_pathway_stranded.tsv	HALLMARK_KRAS_SIGNALING_UP	-0.07966352238732112	-0.0239886216167594	-2.139173552709267	0.03274975797433572	0.039047788354015664	-5.3127413794057246
cluster_7_pathway_stranded.tsv	HALLMARK_KRAS_SIGNALING_DN	-0.10881214725856034	-9.410027813297501e-4	-5.626219821238605	2.617386393407214e-8	8.113897819562363e-7	8.573860686958412
cluster_7_pathway_stranded.tsv	HALLMARK_MITOTIC_SPINDLE	0.14500708253478434	-0.05726697648137608	4.928395269423436	1.0247073523730556e-6	1.5882963961782363e-5	5.0741004921275366
cluster_7_pathway_stranded.tsv	HALLMARK_G2M_CHECKPOINT	0.17469381288648375	-0.07352176895286065	3.433860927629442	6.28329515060654e-4	0.005741073063671782	-0.9438235920882061
cluster_7_pathway_stranded.tsv	HALLMARK_MYC_TARGETS_V2	0.16639870413691232	-0.04567099625660226	3.3600569007023577	8.194004835082503e-4	0.005741073063671782	-1.1873906041453477
cluster_7_pathway_stranded.tsv	HALLMARK_WNT_BETA_CATENIN_SIGNALING	0.09965549983021303	-0.03961019209610413	3.325603453170187	9.259795263986744e-4	0.005741073063671782	-1.299337123702105
cluster_7_pathway_stranded.tsv	HALLMARK_E2F_TARGETS	0.1724070168867083	-0.0695894480873987	3.118175232969838	0.0018905543994945852	0.00976786439738869	-1.9496224742748032
cluster_7_pathway_stranded.tsv	HALLMARK_REACTIVE_OXYGEN_SPECIES_PATHWAY	-0.10841434880430605	-0.03143422944910343	-2.8048875461954066	0.005166025215007809	0.022878111666463155	-2.8543702974755503
cluster_7_pathway_stranded.tsv	KEGG_SPLICEOSOME	0.1341635651273991	-0.023391142961953524	2.6796740143338926	0.0075339290561441934	0.02919397509255875	-3.1897854891226993
cluster_7_pathway_stranded.tsv	HALLMARK_NOTCH_SIGNALING	0.0929444767333911	-0.030098942483312272	2.5633787727994455	0.010563267555932716	0.03638458824821269	-3.487856414289317
cluster_8_pathway_stranded.tsv	HALLMARK_NOTCH_SIGNALING	-0.43050010020678786	-0.030098942483312272	-9.379954823536616	7.953240095066164e-20	2.465504429470511e-18	34.16018464115209
cluster_8_pathway_stranded.tsv	HALLMARK_INTERFERON_ALPHA_RESPONSE	-0.6214482738877385	-0.0038545090982817056	-8.477243763390497	1.2512074503770088e-16	1.9393715480843636e-15	26.92013239790426
cluster_8_pathway_stranded.tsv	HALLMARK_INTERFERON_GAMMA_RESPONSE	-0.5535849707958334	-0.006861125153055978	-8.078902585056996	2.6676729378342712e-15	2.7565953690954137e-14	23.916167618681335
cluster_8_pathway_stranded.tsv	HALLMARK_E2F_TARGETS	0.5696888562512277	-0.0695894480873987	8.004743075055963	4.65390035440224e-15	3.6067727746617357e-14	23.37022781612346
cluster_8_pathway_stranded.tsv	HALLMARK_TNFA_SIGNALING_VIA_NFKB	-0.49114680356135976	-0.0228183633803684	-7.794686834146349	2.2005882669453e-14	1.364364725506086e-13	21.846872867958545
cluster_8_pathway_stranded.tsv	HALLMARK_G2M_CHECKPOINT	0.5030867619156889	-0.07352176895286065	7.644985529259363	6.522798896106014e-14	3.1418928228141187e-13	20.78217240526717
cluster_8_pathway_stranded.tsv	HALLMARK_IL6_JAK_STAT3_SIGNALING	-0.4912620475539708	-0.0028624441166512477	-7.633308286828594	7.094596696677042e-14	3.1418928228141187e-13	20.699860743475597
cluster_8_pathway_stranded.tsv	HALLMARK_CHOLESTEROL_HOMEOSTASIS	-0.38274115990380936	-0.02766979591490295	-7.508405668507338	1.731405842029198e-13	6.314608707124015e-13	19.826162723361904
cluster_8_pathway_stranded.tsv	HALLMARK_IL2_STAT5_SIGNALING	-0.38215745623946246	-0.018720508321071194	-7.500343771870691	1.8332734956166493e-13	6.314608707124015e-13	19.77019345990422
cluster_8_pathway_stranded.tsv	HALLMARK_BILE_ACID_METABOLISM	-0.32176274518854736	-0.007111074302410953	-7.4234064235421044	3.1554651949755217e-13	9.781942104424118e-13	19.238657734101928
cluster_8_pathway_stranded.tsv	HALLMARK_KRAS_SIGNALING_UP	-0.32000061134620766	-0.0239886216167594	-7.191705304631844	1.5743288514112234e-12	4.436744944886175e-12	17.66649127984865
cluster_8_pathway_stranded.tsv	HALLMARK_MYC_TARGETS_V2	0.4613971111962191	-0.04567099625660226	7.173468568964361	1.783420849664867e-12	4.607170528300907e-12	17.5445827237034
cluster_8_pathway_stranded.tsv	HALLMARK_APOPTOSIS	-0.3520360138006043	-0.026235138050443203	-7.0532743259639945	4.03018482563718e-12	9.61044073805789e-12	16.747851859355812
cluster_8_pathway_stranded.tsv	HALLMARK_TGF_BETA_SIGNALING	-0.3489041819785044	-0.033951839265586634	-6.7199097509008565	3.639333279243204e-11	8.05852368975281e-11	14.599887293025398
cluster_8_pathway_stranded.tsv	HALLMARK_P53_PATHWAY	-0.31628710550347744	-0.02757082837648103	-6.6458678204639785	5.861190416645538e-11	1.2113126861067447e-10	14.135265411183811
cluster_8_pathway_stranded.tsv	HALLMARK_KRAS_SIGNALING_DN	-0.15469792318374206	-9.410027813297501e-4	-6.0153764801461875	2.8248505844574326e-9	5.473148007386276e-9	10.365629570128833
cluster_8_pathway_stranded.tsv	HALLMARK_MYC_TARGETS_V1	0.38672987747762533	-0.027260298538890868	5.518310480218893	4.7418813722119105e-8	8.646960149327602e-8	7.634181772672134
cluster_8_pathway_stranded.tsv	HALLMARK_FATTY_ACID_METABOLISM	-0.2591542377174267	-0.009376398601252662	-5.478591811549375	5.887014636192809e-8	1.0138747428998727e-7	7.425240065458365
cluster_8_pathway_stranded.tsv	HALLMARK_PI3K_AKT_MTOR_SIGNALING	-0.24762709169228897	-0.028255858530809957	-5.351659377574236	1.1646180923585264e-7	1.9001663612165432e-7	6.76684451581515
cluster_8_pathway_stranded.tsv	HALLMARK_PROTEIN_SECRETION	-0.3167970821608304	-0.01777087837006703	-5.142411996443852	3.479056450746157e-7	5.392537498656543e-7	5.712705362946782
cluster_8_pathway_stranded.tsv	HALLMARK_REACTIVE_OXYGEN_SPECIES_PATHWAY	-0.2595547708367411	-0.03143422944910343	-5.097599891984902	4.37631790300707e-7	6.460278809200913e-7	5.492033069092361
cluster_8_pathway_stranded.tsv	KEGG_SPLICEOSOME	0.32584640537946696	-0.023391142961953524	4.937751321956037	9.781180152604277e-7	1.3782572033215118e-6	4.719559283417402
cluster_8_pathway_stranded.tsv	HALLMARK_HEDGEHOG_SIGNALING	-0.16662738308403632	-0.029993930341349596	-4.132935228298606	3.992662017591979e-5	5.381414023710928e-5	1.1833392904094335
cluster_8_pathway_stranded.tsv	HALLMARK_EPITHELIAL_MESENCHYMAL_TRANSITION	-0.22557246133646128	-0.025841900939133265	-3.9105825475573353	1.0056976709708359e-4	1.2990261583373298e-4	0.3117479419898057
cluster_8_pathway_stranded.tsv	HALLMARK_GLYCOLYSIS	-0.1359084309018844	-0.030571791134473402	-3.16228690204536	0.0016294923568560278	0.0020205705225014746	-2.2797522713212226
cluster_8_pathway_stranded.tsv	HALLMARK_DNA_REPAIR	0.1316193815299752	-0.03300424919511623	2.4888553702794214	0.013035051714910437	0.01554179242931629	-4.1546063058032345
cluster_8_pathway_stranded.tsv	HALLMARK_MTORC1_SIGNALING	-0.1273883059674068	-0.03138368742402099	-2.4076885377410657	0.016298488870631508	0.018713079814428768	-4.350959348959267
cluster_8_pathway_stranded.tsv	HALLMARK_UNFOLDED_PROTEIN_RESPONSE	0.11714923662398438	-0.03131318018315178	2.13816168762915	0.032831734269271426	0.03634942008383622	-4.9569464830406815
cluster_9_pathway_stranded.tsv	HALLMARK_BILE_ACID_METABOLISM	-0.4532654034011324	-0.007111074302410953	-14.867138768974817	6.436527053793852e-44	1.995323386676094e-42	88.86882833551446
cluster_9_pathway_stranded.tsv	HALLMARK_CHOLESTEROL_HOMEOSTASIS	-0.5249296664383373	-0.02766979591490295	-14.553458799493766	2.316194311663e-42	3.59010118307765e-41	85.30668733949936
cluster_9_pathway_stranded.tsv	HALLMARK_IL2_STAT5_SIGNALING	-0.5217478946804786	-0.018720508321071194	-14.449991163640586	7.483683638958745e-42	7.73313976025737e-41	84.14088189891947
cluster_9_pathway_stranded.tsv	HALLMARK_INTERFERON_ALPHA_RESPONSE	-0.7558121496016709	-0.0038545090982817056	-14.38826007609901	1.5033109794455198e-41	1.165066009070278e-40	83.44754407859446
cluster_9_pathway_stranded.tsv	HALLMARK_NOTCH_SIGNALING	-0.4623190867812369	-0.030098942483312272	-13.806102099126205	9.952450398761077e-39	6.170519247231868e-38	76.99250201939435
cluster_9_pathway_stranded.tsv	HALLMARK_INTERFERON_GAMMA_RESPONSE	-0.6791338338201458	-0.006861125153055978	-13.757827686175464	1.693758034723181e-38	8.751083179403103e-38	76.46418901961673
cluster_9_pathway_stranded.tsv	HALLMARK_APOPTOSIS	-0.4860784012443392	-0.026235138050443203	-13.631385868556826	6.783474679638014e-38	3.0041102152682633e-37	75.08561087266767
cluster_9_pathway_stranded.tsv	HALLMARK_KRAS_SIGNALING_UP	-0.4225613555954167	-0.0239886216167594	-13.193855194774258	7.782596166862354e-36	3.015756014659162e-35	70.37461077640151
cluster_9_pathway_stranded.tsv	HALLMARK_EPITHELIAL_MESENCHYMAL_TRANSITION	-0.5283001419086991	-0.025841900939133265	-12.984179771714865	7.307047358404958e-35	2.516871867895041e-34	68.15053025082365
cluster_9_pathway_stranded.tsv	HALLMARK_IL6_JAK_STAT3_SIGNALING	-0.6044417321505268	-0.0028624441166512477	-12.939844203055063	1.1699683279986188e-34	3.6269018167957187e-34	67.68310361964052
cluster_9_pathway_stranded.tsv	HALLMARK_P53_PATHWAY	-0.437306422802369	-0.02757082837648103	-12.743502883147592	9.295701310928847e-34	2.6196976421708568e-33	65.62524581019895
cluster_9_pathway_stranded.tsv	HALLMARK_TNFA_SIGNALING_VIA_NFKB	-0.5740723948205052	-0.0228183633803684	-12.445934980889842	2.0696834473718284e-32	5.34668223904389e-32	62.544929776103864
cluster_9_pathway_stranded.tsv	HALLMARK_FATTY_ACID_METABOLISM	-0.4188103738196681	-0.009376398601252662	-12.318392626418742	7.714074107876709e-32	1.8395099795705998e-31	61.239158346281066
cluster_9_pathway_stranded.tsv	HALLMARK_GLYCOLYSIS	-0.35126682903693257	-0.030571791134473402	-11.380441073842121	9.315565122453714e-28	2.0627322771147513e-27	51.915873068856556
cluster_9_pathway_stranded.tsv	HALLMARK_REACTIVE_OXYGEN_SPECIES_PATHWAY	-0.40118009024694334	-0.03143422944910343	-10.765908207118496	3.3340856993795565e-25	6.89044377871775e-25	46.088449198720625
cluster_9_pathway_stranded.tsv	HALLMARK_TGF_BETA_SIGNALING	-0.41202626324879077	-0.033951839265586634	-10.70008883295013	6.173904373725249e-25	1.196193972409267e-24	45.478145644865165
cluster_9_pathway_stranded.tsv	HALLMARK_G2M_CHECKPOINT	0.5215949013695166	-0.07352176895286065	10.578433199919994	1.9144658321153836e-24	3.4910847526809934e-24	44.35731913567444
cluster_9_pathway_stranded.tsv	HALLMARK_E2F_TARGETS	0.5621080496869362	-0.0695894480873987	10.491900143432314	4.257735921543994e-24	7.332767420436879e-24	43.56582239160527
cluster_9_pathway_stranded.tsv	HALLMARK_KRAS_SIGNALING_DN	-0.1810586209175247	-9.410027813297501e-4	-9.426295602455983	5.373958102618854e-20	8.768036904272867e-20	34.22420179907873
cluster_9_pathway_stranded.tsv	HALLMARK_MTORC1_SIGNALING	-0.356547433885011	-0.03138368742402099	-9.154486004820189	5.285343491176186e-19	8.1922824113230885e-19	31.965935947759853
cluster_9_pathway_stranded.tsv	HALLMARK_PROTEIN_SECRETION	-0.39299268907177143	-0.01777087837006703	-8.484304841882576	1.184995903868077e-16	1.7492796676147802e-16	26.625248126964287
cluster_9_pathway_stranded.tsv	HALLMARK_PI3K_AKT_MTOR_SIGNALING	-0.27574729446759283	-0.028255858530809957	-7.868565982713891	1.2799785507140607e-14	1.80360613964254e-14	22.01407299465803
cluster_9_pathway_stranded.tsv	KEGG_SPLICEOSOME	0.36672969319491105	-0.023391142961953524	7.315595139375691	6.704688736046936e-13	9.036754383367609e-13	18.124151955034066
cluster_9_pathway_stranded.tsv	HALLMARK_OXIDATIVE_PHOSPHORYLATION	-0.2988415459307843	-0.01122628204001356	-5.831328209706276	8.227136137911471e-9	1.0626717511468984e-8	8.921470071218797
cluster_9_pathway_stranded.tsv	HALLMARK_HEDGEHOG_SIGNALING	-0.1477154963457504	-0.029993930341349596	-4.754731670390793	2.3904183631957686e-6	2.964118770362753e-6	3.438016572164381
cluster_9_pathway_stranded.tsv	HALLMARK_WNT_BETA_CATENIN_SIGNALING	-0.13197006129595415	-0.03961019209610413	-4.2919076401731715	2.008004544068021e-5	2.3941592640811022e-5	1.4027671216453257
cluster_9_pathway_stranded.tsv	HALLMARK_UNFOLDED_PROTEIN_RESPONSE	-0.16919284889915034	-0.03131318018315178	-4.021508444233047	6.378626637299879e-5	7.323608361344305e-5	0.3054015181318741
cluster_9_pathway_stranded.tsv	HALLMARK_MITOTIC_SPINDLE	0.12027496230387626	-0.05726697648137608	3.9415674628213146	8.865986833639184e-5	9.81591399438624e-5	-0.005948958798739135
cluster_9_pathway_stranded.tsv	HALLMARK_MYC_TARGETS_V1	0.18145860936757122	-0.027260298538890868	3.302010198858526	0.0010062334835035333	0.0010756288961589493	-2.279784448130213
cluster_9_pathway_stranded.tsv	HALLMARK_MYC_TARGETS_V2	0.10721706086363911	-0.04567099625660226	2.0882412772061003	0.03711882472629212	0.038356118883835194	-5.515176701336216
cluster_9_pathway_stranded.tsv	HALLMARK_DNA_REPAIR	0.0849034470371731	-0.03300424919511623	2.072082311169726	0.038605056487735684	0.038605056487735684	-5.548569736743113
