match_id	CLK1	CLK2	CLK3	CLK4	SRPK1	SRPK2	SRPK3	SRSF1	SRSF10	SRSF11	SRSF2	SRSF3	SRSF4	SRSF5	SRSF6	SRSF7	SRSF8	SRSF9	SRPK1 	SRPK2 	SRSF1 	SRSF10 	SRSF11 	SRSF2 	SRSF3 	SRSF4 	SRSF5 	SRSF6 	SRSF7 	SRSF8 	SRSF9 	SRPK1-S51	SRPK2-T41	SRSF1-S199	SRSF10-S131;S133;	SRSF10-S133	SRSF10-S156;S158;	SRSF10-S156;S158;S160;	SRSF10-S157	SRSF10-S158	SRSF10-S23	SRSF10-S252	SRSF11-S207	SRSF11-S440	SRSF11-S455	SRSF11-S462	SRSF11-S489	SRSF2-S101	SRSF2-S189;S191;	SRSF2-S191	SRSF2-S208	SRSF2-S208;S221;	SRSF2-S212	SRSF2-S221	SRSF2-S26	SRSF2-T25	SRSF3-S5	SRSF5-S233	SRSF6-S303	SRSF6-S314;S316;	SRSF8-S158	SRSF8-S191	SRSF8-S26	SRSF8-S273	SRSF8-S273;S282;	SRSF8-S282	SRSF9-S204	SRSF9-S211	SRSF9-S211;S216;	SRSF9-S216	Kids_First_Biospecimen_ID	IncLevel1	CLK1_201
PT_0DXHDZJR_7316-2857_Solid Tissue_Initial CNS Tumor	2.5777309314900805	3.3978029618624896	3.8982083525087177	2.0461417816447205	2.4356285940520905	5.679761573516853	-6.643856189774724	4.562547724199122	4.033863451866284	4.361768359419154	5.445594291341182	5.848247352704505	4.60229058486114	5.714795011118162	4.75702324650746	4.889960199658641	1.8953026213333068	5.835671479481623	0.15645673897640003	3.244852324542281	1.3923351835989453	2.17138502056699	1.230520544473611	0.015821223412153432	0.7022677949026509	2.0537966252342215	-0.39263592012939236	0.7947845773456191	1.509884298576022	-0.5416431864526596	2.2106719021684484	1.0517808741386885	-0.5630357392990295	0.6654908408231713	0.4903830635410942	1.0551093307733683	2.2793582460110744	2.3190515734830446	-0.6028451998731844	1.237697033234548	1.724611208953698	1.2463632884751277	0.8216054547898274	1.204507900931621	0.992839853954538	1.1414369422608162	0.39674525082534007	-0.8721942799291865	0.5397684156457598	-0.100277336785878	0.17176133793355997	0.1772350699661029	0.002936914417647621	-0.5208610716603271	1.2494870234582742	1.1170700943475573	2.3579187943885014	0.42274396360508204	-0.23040968535265788	0.10891400965333685	-0.02781805390133713	2.4920695392338628	0.678126409526248	0.17800828156869997	0.8610592917620072	1.0429568086193373	0.4769432002398151	1.450988466158071	1.4658261758445807	-0.05867977395198376	BS_DS438CXE	0.57	0.25096157353321874
PT_0FGS6YME_7316-8811_Solid Tissue_Initial CNS Tumor	5.51443791382931	4.783456654360239	4.527946098908258	5.0522419811811385	4.1715271060388135	5.126807703142035	0.22650852980867975	5.817623257511431	5.297558281168186	6.408202344852179	5.897724470216444	6.0925457415435655	5.001802242633985	6.710944154575872	6.4252578719992135	4.956985924612576	3.550900664647523	5.838447592548458	NA	NA	NA	NA	NA	NA	NA	NA	NA	NA	NA	NA	NA	NA	NA	NA	NA	NA	NA	NA	NA	NA	NA	NA	NA	NA	NA	NA	NA	NA	NA	NA	NA	NA	NA	NA	NA	NA	NA	NA	NA	NA	NA	NA	NA	NA	NA	NA	NA	NA	NA	NA	BS_D6J2BGDJ	0.645	2.3950627995175777
PT_0SPKM4S8_7316-2640_Solid Tissue_Initial CNS Tumor	4.984133594540979	4.428276414392509	4.604664415163704	3.581351247168777	3.533563348214512	4.532316959332765	0.22650852980867975	5.429950657403768	4.94673086014031	6.035843815994525	5.409390936137702	6.075318692553354	4.880685525261125	6.616769366293503	5.559491813205038	4.778208576398088	3.1076878693143732	5.620879611355415	NA	NA	NA	NA	NA	NA	NA	NA	NA	NA	NA	NA	NA	NA	NA	NA	NA	NA	NA	NA	NA	NA	NA	NA	NA	NA	NA	NA	NA	NA	NA	NA	NA	NA	NA	NA	NA	NA	NA	NA	NA	NA	NA	NA	NA	NA	NA	NA	NA	NA	NA	NA	BS_FX2P2WEG	0.8859999999999999	2.1858665453113337
PT_18QG3Z4H_7316-1052_Solid Tissue_Initial CNS Tumor	3.221877081077034	3.8914191868460786	3.8933622107638715	2.15704371014558	2.8011586560936985	4.900625332536066	-2.736965594166206	5.018812185742817	4.636334602442182	5.046578366620329	5.401220862160216	6.088523256616632	4.724650271732967	5.648465443027314	5.3269687115878925	4.428276414392509	4.076388068512841	5.459103696135399	0.8767889520744054	1.168340467379387	0.703566837122637	1.1265739000828148	0.5287343889124588	0.773614934718393	0.8488088814696281	1.4525607056143965	1.6057454341836992	0.9449167825468991	1.1250036766654	1.5649393442260842	0.847949232764002	-0.3967855701895999	0.924102073880333	0.2513189385905942	1.1606147154766533	0.580108268568046	-0.7074971494482244	-1.1223697177755698	0.7291652291985641	0.3177430046191049	1.126514540511296	0.5732291900143061	0.7639653140211967	1.7410652667089728	0.7702449454740622	-0.005981780343282804	0.28485394605610165	-0.3503187461104855	-0.5925199890601863	-0.4104482836791428	-0.6590877988255149	-0.3145304418630256	-0.8130723898959263	1.8059712450875993	0.9277779412346958	0.56194308968935	0.7389844577120896	-0.9124899208728844	-0.402389168906362	-1.058387860683764	0.2512955629986848	0.3917528651279964	1.469181633733236	0.4980036302026884	1.7563531564409915	2.249326228909656	-0.452573562059156	0.2633771612755132	0.7788846186091776	0.46663946589641614	BS_TGS109T3	0.49700000000000005	0.8155754288625726
PT_1FQFJ0V1_7316-5087_Solid Tissue_Initial CNS Tumor	2.9781956296816516	2.400537929583729	3.903038270112912	0.37851162325372983	2.584962500721156	4.649615459063409	-4.058893689053568	5.767389962065719	4.85897561429202	2.8972404255747994	5.301953395126096	4.2471680003747725	2.8135246892978105	3.929790997718597	5.375387026828883	4.204766750654613	4.076388068512841	6.3706874068072175	-1.201184505166756	-1.2087302258205221	-1.8376684738323714	-1.4063974928926999	-0.626294189620792	-1.0737737743088356	-1.0382353502022914	-0.9773698348857048	-1.8674220658424459	-0.22006365972904646	-1.2968377971974259	-1.4132613706370887	-1.085255678746964	-0.158835800110003	-0.5563360361282591	-1.0178005815795321	-1.5749293090052277	-0.5853207860080119	0.512817145890957	-1.1774874454264113	1.149343231437362	-0.0037545847288885073	-0.830651584424024	-1.0708110740237802	-0.41779604952265365	-0.06604354068172759	0.21099894368564323	0.3704861752956867	-0.4146410004143529	-1.1441180132859672	-1.5999214111229179	-1.5801582068198676	-1.2985972603563145	-1.9715014798500747	-1.4752182794119364	-1.7858924446694189	-0.3797564078566308	-0.533630343571749	-0.3019296248414324	-0.7975313712973969	-0.36079947225628334	-1.623932824291253	0.4024933556742305	0.8196487195994079	-1.5781807200581222	-2.347338956992316	-1.416367756027442	-2.1544377790556544	-0.36548973632353565	-0.8678281079063931	-0.1999412720300545	1.087783747256822	BS_T2F48Z4E	0.794	1.4276061727818994
PT_2A5QN7QS_7316-10004_Solid Tissue_Initial CNS Tumor	6.568184151463825	3.576522137920503	4.853496703702325	4.319039815562536	4.3826672527450405	5.335569005556748	-3.643856189774725	5.858478390423273	6.236109889889632	6.6634869461102335	5.8346606579017255	6.399000148261131	5.157852169141737	7.024142345897803	5.890203466675639	5.443938115013176	3.578938713093386	6.181897643108388	NA	NA	NA	NA	NA	NA	NA	NA	NA	NA	NA	NA	NA	NA	NA	NA	NA	NA	NA	NA	NA	NA	NA	NA	NA	NA	NA	NA	NA	NA	NA	NA	NA	NA	NA	NA	NA	NA	NA	NA	NA	NA	NA	NA	NA	NA	NA	NA	NA	NA	NA	NA	BS_S6B9DVNS	0.953	4.7300964655954685
PT_2QZJ4T95_7316-715_Solid Tissue_Initial CNS Tumor	3.4449320489421824	2.807354922057604	3.258518924711301	1.2016338611696504	3.3909427728025427	4.626439136697315	-1.3584539709124763	5.536674617569758	4.8529975876133165	4.567423757707283	5.71699089440494	6.456806149230474	4.526694845541976	5.724923070266613	5.184280294419382	4.951867504326902	2.5921580021253603	5.79025073883523	NA	NA	NA	NA	NA	NA	NA	NA	NA	NA	NA	NA	NA	NA	NA	NA	NA	NA	NA	NA	NA	NA	NA	NA	NA	NA	NA	NA	NA	NA	NA	NA	NA	NA	NA	NA	NA	NA	NA	NA	NA	NA	NA	NA	NA	NA	NA	NA	NA	NA	NA	NA	BS_B1C6GZ84	0.718	1.7612852733616193
PT_30H1KV15_7316-1059_Solid Tissue_Initial CNS Tumor	4.740927560318628	4.424250286084049	3.838951766951943	2.7990873060740036	2.37851162325373	4.137503523749935	-0.21759143507262677	5.048759311919856	4.126807703142035	5.097610796626422	5.646738698307846	5.749266083814806	4.207892851641333	6.085976949073639	5.550900664647523	4.519164449806069	3.250961573533219	5.354381632113322	NA	NA	NA	NA	NA	NA	NA	NA	NA	NA	NA	NA	NA	NA	NA	NA	NA	NA	NA	NA	NA	NA	NA	NA	NA	NA	NA	NA	NA	NA	NA	NA	NA	NA	NA	NA	NA	NA	NA	NA	NA	NA	NA	NA	NA	NA	NA	NA	NA	NA	NA	NA	BS_C41DJZ1F	0.948	2.0942360698457656
PT_37B5JRP1_7316-2217_Solid Tissue_Initial CNS Tumor	4.067810783789621	3.465974464504069	3.130930869826449	2.584962500721156	1.6825732973475784	4.38404980679516	-1.286304185156641	5.204766750654613	4.325530331567558	4.813524689297811	5.209843230525496	5.582857034844238	4.598126959919604	5.712870867689905	4.429615964201735	4.38543103719352	2.9354597478052895	4.979110755015785	NA	NA	NA	NA	NA	NA	NA	NA	NA	NA	NA	NA	NA	NA	NA	NA	NA	NA	NA	NA	NA	NA	NA	NA	NA	NA	NA	NA	NA	NA	NA	NA	NA	NA	NA	NA	NA	NA	NA	NA	NA	NA	NA	NA	NA	NA	NA	NA	NA	NA	NA	NA	BS_M0QYNVK8	0.727	2.1731274334806563
PT_387VK1T9_7316-3625_Solid Tissue_Initial CNS Tumor	4.37920505996061	3.7803100990433753	3.486714373030702	3.1667154449664223	2.350497247084133	3.496973580998276	-2.321928094887362	4.794415866350106	4.1651079851445365	5.233811384293157	5.292781749227846	5.6915341649192	3.62760683812965	6.136888607903066	5.257387842692652	4.287620044112067	1.7865963618908067	5.581652530461277	NA	NA	NA	NA	NA	NA	NA	NA	NA	NA	NA	NA	NA	NA	NA	NA	NA	NA	NA	NA	NA	NA	NA	NA	NA	NA	NA	NA	NA	NA	NA	NA	NA	NA	NA	NA	NA	NA	NA	NA	NA	NA	NA	NA	NA	NA	NA	NA	NA	NA	NA	NA	BS_9XVACXP0	0.93	2.513490745588118
PT_38B4CHBF_7316-9849_Solid Tissue_Initial CNS Tumor	4.680886920719692	4.605257262939004	4.491853096329675	4.224194663970433	3.8806855252611245	4.727375938594897	-1.6438561897747246	5.177519202597814	5.659068274843228	6.4240822866613385	5.524815928357506	5.668743189087904	4.877744249949002	6.810186007695356	5.822220271621528	4.37364821133469	2.5558161550616396	5.524815928357506	NA	NA	NA	NA	NA	NA	NA	NA	NA	NA	NA	NA	NA	NA	NA	NA	NA	NA	NA	NA	NA	NA	NA	NA	NA	NA	NA	NA	NA	NA	NA	NA	NA	NA	NA	NA	NA	NA	NA	NA	NA	NA	NA	NA	NA	NA	NA	NA	NA	NA	NA	NA	BS_BBAEMXRD	0.815	2.028569152196771
PT_3AWKWXEV_7316-85_Solid Tissue_Initial CNS Tumor	4.323370069061268	4.502075956045791	4.442280035252584	2.6712933724815757	3.3757345385831563	5.087887100933117	-1.3584539709124763	6.732404886784963	5.290940402403678	5.7554217347342425	6.855366852658264	6.832383716549127	5.032541697270038	7.617210310224668	6.7554217347342425	5.680886920719692	5.797531839571962	6.92362461136832	0.32063963497867953	-0.9754009760999726	1.3620888960078323	1.418266925172626	0.9194436714920654	-0.4613615371078799	1.789624378454349	0.8496733456392144	1.5968072297671947	1.1167052411656668	0.31407931721735716	2.4445312087443205	0.7390109292045421	-1.7252480024337689	-0.2903668690329297	-0.16539285681853377	-0.8558385785244519	0.6146822112525728	-0.0831305067256198	-0.5942621151632997	1.2921349902085917	-0.07901849247255546	-0.06406516540419685	2.3608367666569903	-1.5767597715953734	0.7896514162254259	-0.8441273106316176	0.10633886565078528	1.1493305688642605	0.9123432890484642	0.5095325127339707	0.12502085444289474	0.9362665490421043	1.0896567868384708	1.046970298468368	2.736699416200769	-1.4823482310803728	-0.26315943325266133	0.9260352186798821	2.4808515713296773	1.675175257390613	-0.14083003241061995	1.1318587044570845	0.2544705485011446	0.04154174712212639	-1.006544362627702	1.0611230990056635	0.6985960744941292	0.8851468322437253	-0.33546901538639656	-1.5346204544942752	0.3990561963376543	BS_SB12W1XT	0.604	2.2448870591235344
PT_3CHB9PK5_7316-515_Solid Tissue_Initial CNS Tumor	2.1043366598147357	2.765534746362977	3.1984941536390834	1.0976107966264224	2.0738202332916713	3.777156666004501	-1.2175914350726267	4.633431210355632	3.588564737401352	4.168321115739722	4.976821852360685	5.417852514885898	3.944858445807539	5.14649230697719	4.349082146391089	3.949534933017012	2.950468414150123	5.509062386361898	NA	NA	NA	NA	NA	NA	NA	NA	NA	NA	NA	NA	NA	NA	NA	NA	NA	NA	NA	NA	NA	NA	NA	NA	NA	NA	NA	NA	NA	NA	NA	NA	NA	NA	NA	NA	NA	NA	NA	NA	NA	NA	NA	NA	NA	NA	NA	NA	NA	NA	NA	NA	BS_W9N9844Q	0.6579999999999999	-0.25153876699596445
PT_3NQ55S57_7316UP-2413_Solid Tissue_Primary Tumor	3.7463127664254587	2.229587922740652	2.604071323668861	2.5285713188707577	2.584962500721156	4.587964988882679	-2.9434164716336326	4.789207575347344	3.0652276227756188	3.37851162325373	4.316869805064333	5.321206566969903	2.6182386555954547	5.068240861312821	4.2720231890610485	3.6610654798069477	2.7506065048355923	4.198494153639083	NA	NA	NA	NA	NA	NA	NA	NA	NA	NA	NA	NA	NA	NA	NA	NA	NA	NA	NA	NA	NA	NA	NA	NA	NA	NA	NA	NA	NA	NA	NA	NA	NA	NA	NA	NA	NA	NA	NA	NA	NA	NA	NA	NA	NA	NA	NA	NA	NA	NA	NA	NA	BS_2QGRF15R	0.8320000000000001	2.2839217723076173
PT_59D00MBQ_7316-1936_Solid Tissue_Initial CNS Tumor	3.2249663650002742	3.2883585621936606	2.6667565918848033	0.8639384504239717	2.5777309314900805	4.2622828064206555	0.49569516262406876	4.825276830054866	3.996388746447621	4.414812060565847	5.020146573111776	5.560714954474479	4.2986583155645155	5.08278773170927	4.736063627871814	4.047014819517589	3.0089887832272546	5.368768349090335	NA	NA	NA	NA	NA	NA	NA	NA	NA	NA	NA	NA	NA	NA	NA	NA	NA	NA	NA	NA	NA	NA	NA	NA	NA	NA	NA	NA	NA	NA	NA	NA	NA	NA	NA	NA	NA	NA	NA	NA	NA	NA	NA	NA	NA	NA	NA	NA	NA	NA	NA	NA	BS_ZVWE73JZ	0.855	2
PT_59FJRPVX_7316-3769_Solid Tissue_Initial CNS Tumor	3.720278465233327	3.526068811667588	3.040892430646901	1.8914191868460786	2.4276061727818994	4.769771739249448	0.08406426478847455	5.143230134776893	3.9078520718459635	4.401903471607958	5.203984165855989	5.43229133824778	3.581351247168777	5.856487779495678	5.390254956321868	4.401903471607958	2.7070829917717063	4.990501111363251	-0.47460410777395373	0.6410600381425862	1.9276078131637298	1.9831925380336901	1.1209503841720339	0.8626359796459088	0.26681456854812413	-0.17424826399536406	0.19145102972020042	2.5693834637484985	-0.46621172676103945	2.1165068775644635	-0.4762911662530435	-1.8612988271880082	-0.6984430980938674	-1.5529053698912632	-0.717809974412006	-1.6854330109264917	-0.41837840966290923	-1.76364644449157	-0.21176390192288486	-2.277036673565055	-0.4549910753399794	-0.2876184910593045	-1.2217759612538746	-1.0617321547293075	-1.2802094981764844	-0.500114721285064	-3.021940833688731	-1.0086938624937127	-1.7864261951445146	-1.4302029932225255	0.4770757544297023	-0.6139921411435678	-0.5102741113268315	1.7839278157253509	-1.3859919860333152	-0.18633750623387121	-1.4327660956118256	-0.8968352184130267	-1.2866227272889923	-2.248120382743067	-0.28749323978387015	-0.7487722022721318	-0.24616644457871234	-1.1788130812129323	-0.5411785154760156	-0.7582601761342034	-2.3151839311757723	-1.455563574195426	-1.0550849608668469	-0.5647310571214011	BS_AWH9757B	0.685	0.5058909297299573
PT_5BWZA0NT_7316-1102_Solid Tissue_Initial CNS Tumor	4.294253136444514	3.61706334388818	3.2387868595871163	2.6507645591169022	2.765534746362977	5.202025844609336	-0.7131188522118385	5.572889668420581	4.529820946528695	4.916476644437717	5.5861642459309095	5.952100554168438	3.727920454563199	5.62702310555406	4.788163657037767	4.916954278953217	3.711494906650088	5.069959890459774	NA	NA	NA	NA	NA	NA	NA	NA	NA	NA	NA	NA	NA	NA	NA	NA	NA	NA	NA	NA	NA	NA	NA	NA	NA	NA	NA	NA	NA	NA	NA	NA	NA	NA	NA	NA	NA	NA	NA	NA	NA	NA	NA	NA	NA	NA	NA	NA	NA	NA	NA	NA	BS_MB7WN0ZB	0.925	2.2418401835646704
PT_5D439P2D_7316-9945_Solid Tissue_Initial CNS Tumor	6.176322772640463	4.328405658958567	4.273515889702116	5.338780943894699	4.95093492831454	5.384395238388068	-2	6.104965604839979	5.998872453994275	6.727920454563199	5.863938450423972	6.1856683593036195	5.153400027735061	7.138937308958628	5.594249947657352	5.108942568660791	4.6519127446457835	5.842978831788326	NA	NA	NA	NA	NA	NA	NA	NA	NA	NA	NA	NA	NA	NA	NA	NA	NA	NA	NA	NA	NA	NA	NA	NA	NA	NA	NA	NA	NA	NA	NA	NA	NA	NA	NA	NA	NA	NA	NA	NA	NA	NA	NA	NA	NA	NA	NA	NA	NA	NA	NA	NA	BS_KFD5128N	0.529	2.6064422281316078
PT_5K5CZXYB_7316-8035_Solid Tissue_Initial CNS Tumor	4.255500733148386	4.991861930556323	4.94063660720115	3.1043366598147357	3.2464080872463845	5.44857062600553	2.0772429989324603	5.936637939002571	4.983677694698067	5.579542224936903	6.090641751917847	6.857856619504331	5.273888823668492	6.835166157220454	6.015024705273152	5.484138131201669	2.726831217032493	6.332886916959597	NA	NA	NA	NA	NA	NA	NA	NA	NA	NA	NA	NA	NA	NA	NA	NA	NA	NA	NA	NA	NA	NA	NA	NA	NA	NA	NA	NA	NA	NA	NA	NA	NA	NA	NA	NA	NA	NA	NA	NA	NA	NA	NA	NA	NA	NA	NA	NA	NA	NA	NA	NA	BS_B4R7X1KE	0.698	2.339137384919585
PT_5R8EWT55_7316-8030_Solid Tissue_Initial CNS Tumor	1.5993177936982261	2.37016428054021	2.903038270112912	0.8479969065549501	1.2203299548795556	3.408711861029429	-0.15200309344504995	3.6926503700355298	2.2809563138310565	3.1127001327493624	4.3269687115878925	4.274261661257048	3.0232553523003034	5.2509615735332185	3.527320607877047	3.089159131911238	1.722466024471091	4.198494153639083	NA	NA	NA	NA	NA	NA	NA	NA	NA	NA	NA	NA	NA	NA	NA	NA	NA	NA	NA	NA	NA	NA	NA	NA	NA	NA	NA	NA	NA	NA	NA	NA	NA	NA	NA	NA	NA	NA	NA	NA	NA	NA	NA	NA	NA	NA	NA	NA	NA	NA	NA	NA	BS_9TXEDSWB	0.86	NA
PT_5SKQHRC5_7316-9013_Solid Tissue_Initial CNS Tumor	5.904002316283692	4.144862142915734	4.320484678017694	4.389566811762726	4.354734239970604	4.270528942380718	-1.286304185156641	6.080870811759721	5.3473113163652854	6.9920886090139955	6.266599165535096	6.0895828931247085	4.698774108903683	7.673344413647963	5.834407841806995	5.102238193930738	4.117695042669754	5.856487779495678	NA	NA	NA	NA	NA	NA	NA	NA	NA	NA	NA	NA	NA	NA	NA	NA	NA	NA	NA	NA	NA	NA	NA	NA	NA	NA	NA	NA	NA	NA	NA	NA	NA	NA	NA	NA	NA	NA	NA	NA	NA	NA	NA	NA	NA	NA	NA	NA	NA	NA	NA	NA	BS_M0XGZ53Z	0.911	4.049630767724601
PT_63HDZHCN_7316-2980_Solid Tissue_Initial CNS Tumor	3.321928094887362	3.4892860226258766	3.502075956045791	1.3103401206121505	2.811471030529836	4.089159131911238	0.22650852980867975	4.930737337562887	4.441616269406558	5.075532631167357	5.4822029262959555	5.625270489374693	4.335569005556748	5.965553434987078	5.05006629830629	4.411426245726465	2.669026765509631	5.829342193902803	NA	NA	NA	NA	NA	NA	NA	NA	NA	NA	NA	NA	NA	NA	NA	NA	NA	NA	NA	NA	NA	NA	NA	NA	NA	NA	NA	NA	NA	NA	NA	NA	NA	NA	NA	NA	NA	NA	NA	NA	NA	NA	NA	NA	NA	NA	NA	NA	NA	NA	NA	NA	BS_29X4ZX6Q	0.8140000000000001	1.4168397419128291
PT_6GDPNFA6_7316-2610_Solid Tissue_Initial CNS Tumor	3.776103988073164	4.036503333738988	3.6848187375532224	2.263034405833794	2.877744249949002	5.138323004056484	0.28688114778816154	6.091911357491912	4.609400390006429	4.534808661231747	5.973840839533145	6.484621527098599	4.22881869049588	5.814550423461808	5.77162151792327	4.993674361750585	3.6712933724815757	5.999774561287003	NA	NA	NA	NA	NA	NA	NA	NA	NA	NA	NA	NA	NA	NA	NA	NA	NA	NA	NA	NA	NA	NA	NA	NA	NA	NA	NA	NA	NA	NA	NA	NA	NA	NA	NA	NA	NA	NA	NA	NA	NA	NA	NA	NA	NA	NA	NA	NA	NA	NA	NA	NA	BS_45J79YTF	0.7190000000000001	1.0356239097307212
PT_6H8X6RZ1_7316-9014_Solid Tissue_Initial CNS Tumor	5.7692427951405385	4.726286289720674	4.177917792195843	4.476381687567235	3.82273014794452	5.07724299893246	-1.286304185156641	5.562547724199122	5.4252578719992135	6.108733527866266	5.939931764727612	6.570462931026041	5.130519083027338	7.207697668655053	6.095291520211728	5.169524197150003	3.0107798387532427	6.274820737040401	NA	NA	NA	NA	NA	NA	NA	NA	NA	NA	NA	NA	NA	NA	NA	NA	NA	NA	NA	NA	NA	NA	NA	NA	NA	NA	NA	NA	NA	NA	NA	NA	NA	NA	NA	NA	NA	NA	NA	NA	NA	NA	NA	NA	NA	NA	NA	NA	NA	NA	NA	NA	BS_T9A8JJW5	0.713	1.922197848396367
PT_6PJ126FF_7316-8815_Solid Tissue_Initial CNS Tumor	4.682011390800693	3.9136075118230993	4.125155131322289	3.4462562298895643	2.8196681834964554	3.6427015718332325	-1.286304185156641	4.505890929729957	4.2600256559614555	5.25171909260596	5.26566192452189	5.203592714207708	4.234961094839504	6.418189947945766	5.019701914442548	4.1969217338203295	2.903038270112912	5.590063018812253	NA	NA	NA	NA	NA	NA	NA	NA	NA	NA	NA	NA	NA	NA	NA	NA	NA	NA	NA	NA	NA	NA	NA	NA	NA	NA	NA	NA	NA	NA	NA	NA	NA	NA	NA	NA	NA	NA	NA	NA	NA	NA	NA	NA	NA	NA	NA	NA	NA	NA	NA	NA	BS_4C6B11E4	0.6609999999999999	1.8196681834964554
PT_6RZ363TJ_7316UP-2035_Solid Tissue_Primary Tumor	2.790772037862	0.44360665147561484	1.3895668117627256	0.45417589318580215	0.27500704749986976	4.084064264788474	-3.8365012677171206	3.063502942306158	1.8639384504239715	1.84799690655495	3.177917792195843	2.713695814843359	1.9145645234939397	2.925999418556223	2.0565835283663674	2.1984941536390834	2.3476656563009706	3.5643781685650637	-1.5297969044928355	0.40863853186305604	-1.3658010473234576	-1.2662209103004292	-1.434085182113664	0.11444953705865168	-1.1208274056765501	-0.6010928856898631	-1.0330679886747536	-1.6412482627099643	-1.3488565585972092	-0.558245377323646	-1.1612329668249661	0.1299131492160865	-1.197621721281579	-0.012697792609513524	0.3165595831400563	0.25859294760046153	-0.9532042192337512	-0.504330937272883	-0.5697539105921159	1.0941290851490273	-0.6336944499010644	0.22605234249116973	-2.528110852639726	-0.48881375789387826	-0.6881191976303876	-1.115127107067124	0.7700210829270975	-0.7622535435631375	-0.580728217304994	0.45247081153265	7.845439907272182e-4	-1.3020430090651032	0.4660224225850988	0.5070657042598762	-0.010830208796804228	-0.6003724229587302	0.5663450027937891	-0.16634401638351465	-0.5740378513390447	-1.390072639688976	-0.30604070049948084	-1.4433218688974236	-0.767777816874919	-0.46287055527001814	-0.03425602951801963	0.5232886787948876	-0.2456543575019761	-1.0909560092714776	-0.2706572676461561	-1.0388417320181569	BS_0C00AYTE	0.899	-0.6665762662748083
PT_6SH7PV1N_7316-535_Solid Tissue_Initial CNS Tumor	4.20633064787105	3.996388746447621	4.308885057411763	2.4982508675278257	3.534808661231747	5.50303064564116	-2.1202942337177118	5.587064898363171	4.773468927905195	4.975446765640962	5.667892125230234	6.187253085582297	4.965784284662087	6.085127180213324	5.239932613485236	4.8389517669519435	3.7387678368001915	5.887037791419197	NA	NA	NA	NA	NA	NA	NA	NA	NA	NA	NA	NA	NA	NA	NA	NA	NA	NA	NA	NA	NA	NA	NA	NA	NA	NA	NA	NA	NA	NA	NA	NA	NA	NA	NA	NA	NA	NA	NA	NA	NA	NA	NA	NA	NA	NA	NA	NA	NA	NA	NA	NA	BS_FEV5A0HN	0.8340000000000001	2.9068905956085187
PT_6VD8J6FB_7316-8032_Solid Tissue_Initial CNS Tumor	4.820689560559215	4.913607511823099	5.040892430646901	4.187451054027326	3.016139702655253	4.8604662585171665	0.44360665147561484	4.94345253855882	5.137913322088407	5.924812503605781	5.383358695385111	5.740387932468353	4.599912842187128	7.488241842777296	5.523248292605209	4.121015400961366	1.6276068381296498	5.034303767768035	NA	NA	NA	NA	NA	NA	NA	NA	NA	NA	NA	NA	NA	NA	NA	NA	NA	NA	NA	NA	NA	NA	NA	NA	NA	NA	NA	NA	NA	NA	NA	NA	NA	NA	NA	NA	NA	NA	NA	NA	NA	NA	NA	NA	NA	NA	NA	NA	NA	NA	NA	NA	BS_RJC3WDD6	0.685	-1.6896598793878495
PT_7570EHD9_7316-1064_Solid Tissue_Initial CNS Tumor	4.672990993827748	4.450881315273369	5.081936081719432	3.4489009511451276	4.424250286084049	4.85598969730848	0.8639384504239717	5.845490050944375	5.478324711485028	7.230548886634764	5.969472864596329	6.899779850048288	5.754353071692127	6.798050514767515	5.5229345609434555	5.246408087246385	3.063502942306158	6.176123271147939	NA	NA	NA	NA	NA	NA	NA	NA	NA	NA	NA	NA	NA	NA	NA	NA	NA	NA	NA	NA	NA	NA	NA	NA	NA	NA	NA	NA	NA	NA	NA	NA	NA	NA	NA	NA	NA	NA	NA	NA	NA	NA	NA	NA	NA	NA	NA	NA	NA	NA	NA	NA	BS_JVW2JJ39	0.889	NA
PT_7DTGJYA7_7316-639_Solid Tissue_Initial CNS Tumor	4.187451054027326	3.2357270598380583	3.8439838440483265	2.3673710656485296	2.4776773275653072	4.832890014164741	-0.6665762662748083	4.988230223060457	4.142413437873741	4.483493351284395	4.842978831788326	5.682011390800693	4.558267634055736	5.593951283948411	4.809928865721431	4.084914659767938	3.782408564927373	5.377123749129487	NA	NA	NA	NA	NA	NA	NA	NA	NA	NA	NA	NA	NA	NA	NA	NA	NA	NA	NA	NA	NA	NA	NA	NA	NA	NA	NA	NA	NA	NA	NA	NA	NA	NA	NA	NA	NA	NA	NA	NA	NA	NA	NA	NA	NA	NA	NA	NA	NA	NA	NA	NA	BS_30VC3R2Q	0.958	3.3533232911628965
PT_7FAJ9STP_16510-16_Solid Tissue_Initial CNS Tumor	3.763411574470007	2.575312330687437	3.2854022188622483	2.765534746362977	2.7398481026993275	5.547511523644216	-2	4.870364719583405	3.3659724275933836	3.779259720372376	4.690975738343275	5.496014873437763	3.261530815243406	5.997744026059632	4.108524456778169	4.277240898332068	3.513490745588118	4.6937657122177825	NA	NA	NA	NA	NA	NA	NA	NA	NA	NA	NA	NA	NA	NA	NA	NA	NA	NA	NA	NA	NA	NA	NA	NA	NA	NA	NA	NA	NA	NA	NA	NA	NA	NA	NA	NA	NA	NA	NA	NA	NA	NA	NA	NA	NA	NA	NA	NA	NA	NA	NA	NA	BS_AYAMBZHS	0.7659999999999999	2.1953475983222193
PT_7FZ8SE69_7316-2152_Solid Tissue_Initial CNS Tumor	3.7708290460324903	3.96254902292306	4.0574502721839	2.1176950426697547	2.160274831408593	4.949534933017012	0.25096157353321874	4.904002316283692	4.203984165855989	4.744699314207836	5.313608657030486	5.836176624809224	4.359661722333877	5.9954845188775066	4.780835001738229	4.15623479785027	3.0738202332916713	5.35508676166836	0.12084668070127162	1.0085871192880722	-0.6438925161041736	0.5893112611172407	1.2699749839419374	0.5642192810132683	0.8588925485084352	1.734239603218239	-0.08728501903210026	0.10394265896996338	0.8933728955723402	-0.05064458995400057	0.6412587519453257	0.5594799718442289	0.053251405297601764	0.8619979554769903	0.6266675843247853	-0.11776020554940465	1.6886291456050615	0.8644137013051635	1.2403467929281287	0.9709372629291199	0.7334162943130543	0.5493108000267869	0.5009832231891053	1.030336992892043	0.49358654501684146	3.1291967676036876	-0.33487835843373426	-0.4509391436527094	-0.06282196406943014	-0.8121219812382297	-0.6954781687778298	-0.4884903812227045	-0.8708728699915734	1.473749473760558	0.8131430458197939	0.3019020955296743	-1.4930777869233218	-0.021062708234251944	-1.017653047999935	0.12777149669288781	1.000674866654168	-0.6261177145985863	1.0605124653383209	-0.6773583922272417	0.40720688654370474	1.206075115608864	0.826863202836938	1.0453828318187646	1.2397678742395937	0.9095326802864321	BS_4B0BAVTX	0.726	2.229587922740652
PT_7WT6P5M8_7316-2308_Solid Tissue_Initial CNS Tumor	2.4222330006830477	2.7845039829295666	2.9411063109464313	0.21412480535284734	1.9891390073682331	3.7506065048355923	-1.5563933485243853	4.3729520979118295	3.596935142387232	3.8308637567517576	4.9941271140031285	4.8389517669519435	3.8569856897822046	5.0522419811811385	4.2660368939953175	3.612352498752662	2.7484612330040354	5.563768278452033	NA	NA	NA	NA	NA	NA	NA	NA	NA	NA	NA	NA	NA	NA	NA	NA	NA	NA	NA	NA	NA	NA	NA	NA	NA	NA	NA	NA	NA	NA	NA	NA	NA	NA	NA	NA	NA	NA	NA	NA	NA	NA	NA	NA	NA	NA	NA	NA	NA	NA	NA	NA	BS_7327SDAQ	0.722	0.5360529002402097
PT_7Y81E8DQ_7316UP-2013_Solid Tissue_Primary Tumor	4.97315203787724	3.3074285251922473	3.765534746362977	4.126807703142035	3.5558161550616396	4.930264245235024	-0.6438561897747247	4.678071905112637	4.0669502439246275	5.257387842692652	4.733896605247495	5.042644337408494	3.5741015080893894	6.745640713941657	4.351204277257994	4.431622959713292	2.7484612330040354	4.37920505996061	NA	NA	NA	NA	NA	NA	NA	NA	NA	NA	NA	NA	NA	NA	NA	NA	NA	NA	NA	NA	NA	NA	NA	NA	NA	NA	NA	NA	NA	NA	NA	NA	NA	NA	NA	NA	NA	NA	NA	NA	NA	NA	NA	NA	NA	NA	NA	NA	NA	NA	NA	NA	BS_TYQ0N4YP	0.833	2.0840642647884744
PT_7YM9EBCK_16510-3_Solid Tissue_Initial CNS Tumor	5.099715999160909	3.460742563789644	4.236492618381302	3.5533605033353277	2.2539892662307865	4.951401291674311	0.9183862344463479	5.454175893185802	3.493134922305505	4.380590934265922	4.844486087757799	5.695437110405369	2.5109619192773796	6.0051753913319414	4.906409617094016	4.543495883425772	3.5921580021253603	4.680886920719692	NA	NA	NA	NA	NA	NA	NA	NA	NA	NA	NA	NA	NA	NA	NA	NA	NA	NA	NA	NA	NA	NA	NA	NA	NA	NA	NA	NA	NA	NA	NA	NA	NA	NA	NA	NA	NA	NA	NA	NA	NA	NA	NA	NA	NA	NA	NA	NA	NA	NA	NA	NA	BS_A8V685RR	0.938	4.3175935046234715
PT_88F5PD21_7316-6188_Solid Tissue_Initial CNS Tumor	3.494415610397496	2.646162657157894	3.2433644256936605	2.883620816285671	2.7246502717329673	4.918386234446348	-1.2175914350726267	4.8052924556007115	3.2735158897021166	3.7570232465074596	4.414135532984451	5.354381632113322	2.729008870337863	6.141800611652467	4.013462259806563	4.2720231890610485	3.297191416565856	4.428946344769483	NA	NA	NA	NA	NA	NA	NA	NA	NA	NA	NA	NA	NA	NA	NA	NA	NA	NA	NA	NA	NA	NA	NA	NA	NA	NA	NA	NA	NA	NA	NA	NA	NA	NA	NA	NA	NA	NA	NA	NA	NA	NA	NA	NA	NA	NA	NA	NA	NA	NA	NA	NA	BS_P1AZ9H9A	0.482	0.8639384504239717
PT_8HZN8J7C_7316-8034_Solid Tissue_Initial CNS Tumor	4.970853654340483	4.475733430966398	4.881664619320345	3.8298495598446904	3.612352498752662	5.319401166858324	1.2630344058337937	5.216842842837263	3.940166750482817	5.6834157470304305	5.060479781407595	5.581351247168778	3.612352498752662	6.796753476973698	5.615004241635032	4.612352498752662	3.4502214958971797	5.349436051713823	NA	NA	NA	NA	NA	NA	NA	NA	NA	NA	NA	NA	NA	NA	NA	NA	NA	NA	NA	NA	NA	NA	NA	NA	NA	NA	NA	NA	NA	NA	NA	NA	NA	NA	NA	NA	NA	NA	NA	NA	NA	NA	NA	NA	NA	NA	NA	NA	NA	NA	NA	NA	BS_JTWNJ8T7	0.91	3.15704371014558
PT_8KSGR8MY_16510-6_Solid Tissue_Initial CNS Tumor	3.980939266085512	2.771885578515366	3.418189947945766	3.0942360698457656	2.9126498648972037	4.665051614289214	-2.473931188332412	5.38646609286931	3.645009884391095	4.126807703142035	4.869871406177713	5.947198584262056	2.992768430768924	6.178515470188603	5.081083928687635	4.40735275114004	3.346247774082775	4.596935142387232	NA	NA	NA	NA	NA	NA	NA	NA	NA	NA	NA	NA	NA	NA	NA	NA	NA	NA	NA	NA	NA	NA	NA	NA	NA	NA	NA	NA	NA	NA	NA	NA	NA	NA	NA	NA	NA	NA	NA	NA	NA	NA	NA	NA	NA	NA	NA	NA	NA	NA	NA	NA	BS_V0JFAS12	0.6729999999999999	2.1473066987802936
PT_8P368R5B_7316-4998_Solid Tissue_Initial CNS Tumor	5.466953337123929	4.323370069061268	5.013462259806563	3.277984747299765	3.463360885816658	6.398316163400203	0.8875252707415875	6.531693360861466	4.800123352826528	5.60139939053183	6.413627929024172	6.643856189774724	5.117279460053921	7.3789450602529	5.596637034102074	5.260402093025793	5.0307774719925415	6.044394119358453	NA	NA	NA	NA	NA	NA	NA	NA	NA	NA	NA	NA	NA	NA	NA	NA	NA	NA	NA	NA	NA	NA	NA	NA	NA	NA	NA	NA	NA	NA	NA	NA	NA	NA	NA	NA	NA	NA	NA	NA	NA	NA	NA	NA	NA	NA	NA	NA	NA	NA	NA	NA	BS_FXJY0MNH	0.7859999999999999	3.7463127664254587
PT_8YS7JD5V_7316UP-2398_Solid Tissue_Primary Tumor	3.7845039829295666	2.475084882948783	3.2078928516413328	2.715893370547605	1.8559896973084806	4.324810603420484	-0.6896598793878495	4.180307019969433	2.9726926540042644	3.7059779016825223	3.926948247949772	4.7745235295902315	2.6915341649192004	5.657640005207824	3.990954860396993	3.2094533656289497	2.700439718141092	4.056583528366367	NA	NA	NA	NA	NA	NA	NA	NA	NA	NA	NA	NA	NA	NA	NA	NA	NA	NA	NA	NA	NA	NA	NA	NA	NA	NA	NA	NA	NA	NA	NA	NA	NA	NA	NA	NA	NA	NA	NA	NA	NA	NA	NA	NA	NA	NA	NA	NA	NA	NA	NA	NA	BS_4Q3NRFBD	0.741	1.9523335663696857
PT_91PDAFH0_7316-5267_Solid Tissue_Initial CNS Tumor	4.958842675243241	3.1193561770396756	3.588564737401352	3.089159131911238	2.9392265777282085	5.777945670695148	0.6507645591169023	5.713145902490259	4.894817763307944	4.636334602442182	5.312882955284356	5.6676083256737195	3.925049964727359	6.197314999473818	5.128870759465125	4.556429415449573	3.9736112755194717	5.24031432933371	-0.7767748777287634	1.6806946866186034	1.14356185871862	1.526398658568156	0.5500375285146915	0.9511712607270056	1.9533591572467595	1.7728556692000081	1.720042778893889	-0.3483189214207545	1.4086295389245131	-0.31226338470279913	1.6452758170953705	0.622531515226862	1.512897844877658	0.2162317265668803	1.9522261124007743	0.3595564263597433	0.8191034790316053	0.9188309531694456	-0.5337425913308216	1.043794553385601	0.7779244563959606	1.6604616017942624	-0.03506388504731373	-0.7091552080211966	1.0623673827866549	0.20715699254437459	-0.3649809940018459	-0.4207721107095297	0.5655674736399245	-0.6462622075054406	-1.1811190175133603	-0.227644492818482	-0.3604616726407758	-0.3856226879632514	0.6877095488252801	1.1495132450374521	-0.039425669881100946	-0.15944759616069476	-0.5030738507980909	0.7379555058480917	-0.09334902945900517	0.6891786199458183	-0.6588062923721494	0.9011312996178756	1.550075428045592	0.7221632915238314	1.886623913849236	2.0361037286050254	1.3888256047906469	0.11423827407765733	BS_FYP2B298	0.111	-0.6438561897747247
PT_9BZETM0M_7316-158_Solid Tissue_Initial CNS Tumor	5.2712762591759255	3.9523335663696857	4.12350066435096	2.6016965164809576	4.220329954879555	5.428946344769483	1.7048719644563528	5.674404153937691	6.203396948546115	5.960697039304312	6.73809225962049	6.921245888585589	4.936873461824233	6.166715444966422	4.784503982929566	5.952799477899938	3.2234225499349374	5.45450493755737	NA	NA	NA	NA	NA	NA	NA	NA	NA	NA	NA	NA	NA	NA	NA	NA	NA	NA	NA	NA	NA	NA	NA	NA	NA	NA	NA	NA	NA	NA	NA	NA	NA	NA	NA	NA	NA	NA	NA	NA	NA	NA	NA	NA	NA	NA	NA	NA	NA	NA	NA	NA	BS_TV5B86ZD	0.604	3.2234225499349374
PT_9N0SR1D7_7316-249_Solid Tissue_Initial CNS Tumor	3.341985747228616	4.296457407371244	3.2479275134435857	2.8659188145522125	3.6622054996536164	4.705425039042727	-0.18442457113742744	5.23035674505615	5.20163386116965	5.2082831384125186	5.85124932023306	5.967399198924614	4.840463233869542	5.924812503605781	5.380937194927824	4.705977901682522	2.9392265777282085	5.682573297347578	NA	NA	NA	NA	NA	NA	NA	NA	NA	NA	NA	NA	NA	NA	NA	NA	NA	NA	NA	NA	NA	NA	NA	NA	NA	NA	NA	NA	NA	NA	NA	NA	NA	NA	NA	NA	NA	NA	NA	NA	NA	NA	NA	NA	NA	NA	NA	NA	NA	NA	NA	NA	BS_YEW22W35	0.8809999999999999	1.8278190246173196
PT_9PDE9KSB_7316-4723_Solid Tissue_Initial CNS Tumor	4.047014819517589	3.779259720372376	2.7506065048355923	1.8718436485093177	3.1127001327493624	4.733896605247495	-2.473931188332412	6.384395238388068	4.806324057390029	4.491853096329675	6.237448995639321	5.669310286202474	4.628190334615213	5.013462259806563	5.111448698487674	5.172327491657617	-0.5994620704162712	6.139142019145689	1.0006428310379734	0.915148173865381	1.8206642110641857	0.7940179059463814	1.7102886766236998	0.43793651704102265	0.9678905767152644	2.095328810889027	1.3495328344877067	0.24886586423983406	0.5003388369166067	1.1760222906746203	1.9459804924883113	2.077503549009439	0.9989588329833579	1.4708242428197675	1.7424603536234453	0.943410306993558	0.32972069702997225	0.5991174960009371	1.2579829580065733	1.4577414967520184	1.7231370180650145	1.667450023337574	1.427616727572446	1.2448848964453891	1.1466713081028066	-0.175819614157847	1.6813754634165377	-0.7535297225762811	1.2299735168081296	1.0168963333435321	0.7407819069108806	1.5747745464639065	0.0385135028069211	0.35614343185585035	1.192159478156017	1.5799854542224847	0.6335572338921175	0.4502624705249378	1.334062846660824	1.4509619859732341	-1.9322678427299786	-0.32201800062061775	-2.2607708283029733	1.0711384026676185	-1.3010543790256601	-0.27283464271360053	1.0780244618618169	1.3724878407374186	0.643691486165609	2.557323160108927	BS_TRPXB3AV	0.292	-0.3584539709124763
PT_9W4WTVFZ_7316-1312_Solid Tissue_Initial CNS Tumor	2.6158870739160567	3.938285791884053	3.389566811762726	1.6959938131099002	2.2078928516413328	4.475084882948782	-0.888968687611256	5.568032104771279	4.3103401206121505	4.8104431038451745	5.668459556915382	6.071247819461442	3.8569856897822046	5.199279721336625	5.307428525192248	4.425593577653059	2.682573297347578	5.665904354954898	NA	NA	NA	NA	NA	NA	NA	NA	NA	NA	NA	NA	NA	NA	NA	NA	NA	NA	NA	NA	NA	NA	NA	NA	NA	NA	NA	NA	NA	NA	NA	NA	NA	NA	NA	NA	NA	NA	NA	NA	NA	NA	NA	NA	NA	NA	NA	NA	NA	NA	NA	NA	BS_PQVTB6BB	0.605	NA
PT_A325EYR2_7316-2557_Solid Tissue_Initial CNS Tumor	2.1076878693143732	2.974529312483882	2.765534746362977	0.7990873060740036	1.84799690655495	4.576522137920503	-0.5994620704162712	5.001802242633985	3.6870606883398924	3.896271848807375	4.841469999465799	5.7123206407416305	3.346247774082775	4.848497755385146	4.829342193902803	3.6380738371807184	3.0443941193584534	5.088311235888661	NA	NA	NA	NA	NA	NA	NA	NA	NA	NA	NA	NA	NA	NA	NA	NA	NA	NA	NA	NA	NA	NA	NA	NA	NA	NA	NA	NA	NA	NA	NA	NA	NA	NA	NA	NA	NA	NA	NA	NA	NA	NA	NA	NA	NA	NA	NA	NA	NA	NA	NA	NA	BS_5965SFPZ	0.732	0.43295940727610627
PT_AP658JQV_7316-519_Solid Tissue_Initial CNS Tumor	3.215678596607928	3.1160319934471103	3.1093605594042306	1.411426245726465	2.823749360308273	4.582556003014061	-1.6438561897747246	4.968090752045256	4.40735275114004	4.574101508089389	5.3077927961298945	5.929080835242584	4.403267722339301	5.101818134227409	4.583759753639499	4.511594541537413	2.292781749227846	5.150965783556497	NA	NA	NA	NA	NA	NA	NA	NA	NA	NA	NA	NA	NA	NA	NA	NA	NA	NA	NA	NA	NA	NA	NA	NA	NA	NA	NA	NA	NA	NA	NA	NA	NA	NA	NA	NA	NA	NA	NA	NA	NA	NA	NA	NA	NA	NA	NA	NA	NA	NA	NA	NA	BS_3MS8WVNR	0.746	1.4854268271702418
PT_ARCM3PXM_7316-1187_Solid Tissue_Initial CNS Tumor	2.6803243568440163	3.389566811762726	3.646162657157894	1.8439838440483265	1.2387868595871165	3.9231491804723087	-4.321928094887363	5.014801602351361	3.82273014794452	4.130107178658833	5.20945336562895	5.687620632084895	2.693765712217783	5.2861418728343015	5.176322772640463	4.3957483281790335	2.883620816285671	4.947198584262056	NA	NA	NA	NA	NA	NA	NA	NA	NA	NA	NA	NA	NA	NA	NA	NA	NA	NA	NA	NA	NA	NA	NA	NA	NA	NA	NA	NA	NA	NA	NA	NA	NA	NA	NA	NA	NA	NA	NA	NA	NA	NA	NA	NA	NA	NA	NA	NA	NA	NA	NA	NA	BS_FYRDYBMZ	0.879	1.1505596765753814
PT_C2D4JXS1_7316-1746_Solid Tissue_Initial CNS Tumor	3.604071323668861	3.8186460828225393	4.215678596607928	2.980025300238734	2.414135532984451	3.158660175346498	-3.473931188332412	4.903520373723376	4.766065051474954	4.7230123963923685	6.245267466519513	6.093391153253013	3.9136075118230993	5.914325330085303	5.672425341971495	5.025471814621179	2.853995647176393	6.161887682376894	0.7632835322274937	-0.7971254480955907	1.6542841045085799	0.35841544007410014	1.5738649606257284	1.7710037259796882	1.1029961504113652	-0.7928859930574125	1.791593038440872	1.892158415143526	1.3610174292040493	1.7151403403769425	2.1161961853164253	0.5213781796836013	0.8694249517153652	8.356396258101945e-4	0.3162471317743059	-0.13066166175753197	1.6644435784750775	1.32234111715933	1.6180107294713992	1.3042538438171694	0.47745863043275566	-0.5118811939019785	-0.7554401927941907	0.26843161090830336	0.24721257134278382	0.4707119585367849	0.7355159225151695	-0.09552110097611854	-0.7389777319054398	0.2526588538640348	0.39939570052180706	0.051336871690776865	0.5086219931759282	-0.18390908907385936	0.8043859161605358	0.3996710037153424	-0.7028797843322588	-0.5630638366832399	0.15037731654165343	0.7887314129069176	0.3254700585578697	0.28284089023710035	1.263586237955066	1.026200850778432	1.310318538899386	1.9773894445859688	1.1520074061267498	1.7496592409575387	1.229055639185575	1.654464856984262	BS_R5SNFB5B	0.789	2.3305584000308026
PT_C7HHJG7Z_7316-4516_Solid Tissue_Initial CNS Tumor	5.4252578719992135	3.838951766951943	3.944858445807539	3.718087583960517	3.554588851677637	5.212958362728285	-0.7131188522118385	5.9066501263953795	4.5291962679993905	5.013462259806563	5.602587527342561	5.183486514459391	3.8021932169418253	5.887768948647899	5.312882955284356	4.636914580355878	4.265286857565172	5.6082178530214595	0.5762347610357377	-1.4781414490486326	-0.9511506600247649	-1.0468807722918623	-0.8423610936679176	0.1813362634465921	-0.2066175096443697	0.4966215483345394	-0.8430258129492919	-0.7552773144657637	-0.7304976457581429	-0.9458403284364539	-0.690676357533812	-0.47697117623539836	0.4614900918895268	-0.8676263234511694	-0.5859884141846622	-0.8607801854908573	-0.8681546619203695	-0.8003812708840219	-0.5500424165685432	-0.3800826745394919	-0.66489793740468	0.15504186425860475	0.7832653993172694	-0.35215529915004534	4.664647682296763e-4	0.9450886110407709	-1.3993606601004642	-0.4311045111354517	1.2712317175230103	-0.661332824866837	-0.15945234695884847	-1.1564938848791377	-0.6728645375331215	-0.1648808860507534	-0.20044092605973318	0.08767130579278398	-1.3642221876783365	-0.4388543376429005	-1.0168185967136472	-0.20408948313975722	-0.4670022855283832	-0.7614563168092291	0.4666240570881424	-1.2540928648317782	-0.2690567950697846	0.266215001359727	-0.2856888983371083	-0.6396562008067658	-0.2948492354471401	-1.947225626152542	BS_9ZJT0CP0	0.581	1.7398481026993275
PT_CB1DN0V8_7316-2241_Solid Tissue_Initial CNS Tumor	4.178714641175443	3.4462562298895643	3.168321115739723	1.9335726382610239	2.4646682670034443	4.354028938054387	NA	4.993221467368938	4.823749360308272	4.969933274697856	5.157447996274298	6.016808287686554	4.085764553778314	5.646162657157894	5.956985924612576	5.138732569720239	2.2479275134435857	5.125981653854716	-0.05960322591835211	0.18796570880099295	1.9608435765396317	-0.695928973936431	1.5542295277708011	1.4619268322781422	0.6094909775254557	-0.7472179868336605	-0.8315308014780161	1.6934585518921148	0.9484389648113147	0.16593090501126545	-0.8328463480211278	0.11093529623715112	-0.40663831409351103	2.0573637354671215	0.00812812840721456	0.27105730227690417	0.09458124912333639	0.026339951723901807	0.28161876162542604	0.07796636503924435	-0.05633377670559391	-0.11122220422113215	-0.4127924336159301	-2.2458184257209317	-0.6018327258717244	-0.5084494961475342	1.1659326910178953	2.647974549357505	0.3746317752914417	2.983448172417605	2.996935108035699	1.0259971034947997	2.971754906323113	2.9054543923186436	2.1557834736711405	2.3940081649857623	0.06669055317055642	1.6610755866524805	0.7972642329843869	0.813385397959731	1.1497552748554742	0.9538599634732807	0.40258554918176986	0.4994125523334458	0.47981185368146506	1.5497095555564524	0.7221599877564653	0.15333539225092754	-0.036962893409623006	0.34909115176761485	BS_84XCR9GG	0.715	1.726831217032493
PT_CQS4V67V_7316-9212_Solid Tissue_Initial CNS Tumor	5.333065878076355	5.265286857565172	4.309612772454123	3.942983598187102	4.192194165283345	5.241077458175037	-0.9159357352115255	5.73687542290827	5.806581842620928	6.31124879044183	5.394719912994065	5.842224612877244	4.778208576398088	6.038260575175349	5.535430914871279	5.166715444966422	-1.7369655941662063	5.44857062600553	NA	NA	NA	NA	NA	NA	NA	NA	NA	NA	NA	NA	NA	NA	NA	NA	NA	NA	NA	NA	NA	NA	NA	NA	NA	NA	NA	NA	NA	NA	NA	NA	NA	NA	NA	NA	NA	NA	NA	NA	NA	NA	NA	NA	NA	NA	NA	NA	NA	NA	NA	NA	BS_WBVSK3MP	0.604	1.5210507369009632
PT_CSZ9QA1N_7316-1464_Solid Tissue_Initial CNS Tumor	3.4672794804599825	2.560714954474479	2.700439718141092	1.5210507369009632	2.339137384919585	4.098453246309274	-2	5.684818737553223	4.238022517825721	4.475084882948782	5.483493351284395	5.888499735514123	3.2172307162206693	5.763411574470007	4.594548549550354	4.980939266085512	3.821710215034674	5.175524601089875	NA	NA	NA	NA	NA	NA	NA	NA	NA	NA	NA	NA	NA	NA	NA	NA	NA	NA	NA	NA	NA	NA	NA	NA	NA	NA	NA	NA	NA	NA	NA	NA	NA	NA	NA	NA	NA	NA	NA	NA	NA	NA	NA	NA	NA	NA	NA	NA	NA	NA	NA	NA	BS_2EN3X6HB	0.391	0.34482849699744117
PT_D5KKHPAE_7316-4337_Solid Tissue_Initial CNS Tumor	3.7980505147675143	3.277984747299765	3.4289463447694826	2.2448870591235344	2.62993940943954	4.690975738343275	-0.8365012677171204	5.7090148649032715	4.428276414392509	3.6357543912777603	5.67072705449947	5.327687364176048	2.933572638261024	6.085976949073639	5.936402377725063	4.677508242264722	5.2502036564992975	5.731454807698346	0.5041467824776683	-0.5059747905140458	0.19024545040182003	1.0959899272467424	-0.07492106541883876	0.30732934060677136	1.0873817514051536	-1.1307781492815332	1.5106315069514453	1.956083189612262	0.5059215090229693	0.5783186806487348	0.20270872893763034	0.08917278242626056	-0.29787177276550036	-0.39144376723696667	-0.09062957701482212	-0.21972159045845452	0.2407619616013981	0.16449126870013953	1.3183868428471368	-0.06523230278236815	-0.085865773614188165	0.4268619620563466	-0.2494967620031874	-0.26517069148797	0.13450473933688392	1.501811769009	-0.4747239488589364	-1.0994051524380242	-0.47717989516388226	-0.15442854666331726	0.06323912673527288	-0.2951598378922637	-1.2082861735116823	0.04634809088565599	-0.5207220994207374	-0.2371726380433124	0.32578529908021614	-0.2470463934066267	0.5349785767960591	0.25165138890894434	0.47262187540782313	-0.7109909146658911	-0.56169710164539155	0.505590091568828	0.6406585714821718	1.7683481001828358	-0.23629697248056533	0.2769497708479965	0.2100917828285825	0.8357219389415175	BS_1BJNPHMD	0.5489999999999999	0.36737106564852945
PT_D835NGZW_16510-5_Solid Tissue_Initial CNS Tumor	4.234194722953812	2.62993940943954	3.2357270598380583	2.8972404255747994	2.604071323668861	4.581953750848818	-2.643856189774725	5.042644337408494	3.40735275114004	3.986410935252045	4.688180358586926	5.570462931026041	2.944858445807539	5.792334805706692	4.737686761409861	4.100977647724821	3.2234225499349374	4.330558400030802	NA	NA	NA	NA	NA	NA	NA	NA	NA	NA	NA	NA	NA	NA	NA	NA	NA	NA	NA	NA	NA	NA	NA	NA	NA	NA	NA	NA	NA	NA	NA	NA	NA	NA	NA	NA	NA	NA	NA	NA	NA	NA	NA	NA	NA	NA	NA	NA	NA	NA	NA	NA	BS_WQNXWJXE	0.87	2.944858445807539
PT_D9A6G154_7316-9211_Solid Tissue_Initial CNS Tumor	5.051807107013298	4.117695042669754	3.319039815562536	3.5570424152637194	3.7949356628035362	4.762880292916999	-0.7612131404128835	5.697940582617104	5.469885976274464	5.485748821377781	5.562547724199122	6.335211681705785	4.563158130402808	5.651338766105931	5.297558281168186	5.127633279725874	3.4554916206284685	6.340562269026414	NA	NA	NA	NA	NA	NA	NA	NA	NA	NA	NA	NA	NA	NA	NA	NA	NA	NA	NA	NA	NA	NA	NA	NA	NA	NA	NA	NA	NA	NA	NA	NA	NA	NA	NA	NA	NA	NA	NA	NA	NA	NA	NA	NA	NA	NA	NA	NA	NA	NA	NA	NA	BS_TR2P8KRF	0.611	2.3362833878644325
PT_DB281Z4K_7316UP-310_Solid Tissue_Primary Tumor	3.3923174227787602	2.4276061727818994	3.3132458517875616	2.2539892662307865	2.6848187375532224	5.568944144654707	0.2016338611696504	5.436295119839363	4.045268215138534	3.814550423461808	5.234577959784565	4.88508622529017	2.8972404255747994	5.146899560343589	4.7692427951405385	4.101818134227409	4.20945336562895	5.252476214135217	-0.38057667284937824	-0.03728151010051622	-0.2885958270762787	0.29247876801115924	-0.6876227518070065	-0.3172733713982156	-0.263579810524402	-0.20953670860267454	-0.06791056438658052	0.13333595291585953	0.20128897068910648	-1.2020279634291389	-0.0511922246484661	-1.1649482794275037	-1.0014206300266286	-0.30908132984255443	0.48702342031123563	0.4210909029034718	0.5816998742630748	0.006558980132739776	-1.9699337614131969	-0.14051838895410712	-0.3400170627006136	0.1383850862464551	0.7038234374862374	0.7862033615991945	0.22269923931182495	0.7697370173313278	0.30381281349046485	1.3250159105680661	0.28188979161863037	-0.9630545311674789	-0.5945188286086736	-1.0756582251928355	0.6997499411473906	-1.5455811572439795	-0.5310832787577685	-0.22506842100713145	-0.7170731586361653	-0.1885890024293869	0.06373526525368835	1.327437562585879	-0.8266002157151942	2.344125667738478	-1.4551760229628805	-0.9446936167560376	-0.450006523824532	-0.0902940576361635	0.19842772405727255	-0.4444788540291687	-0.311613425152994	1.078312663170478e-4	BS_0XHT9W4Q	0.259	-0.5353317329965558
PT_DJ106XYS_7316-3935_Solid Tissue_Initial CNS Tumor	4.267535798068735	2.817623257511431	2.9616233282869446	2.032100843167024	2.2720231890610485	3.673556423990145	-1.15200309344505	5.018367115543116	3.682573297347578	4.539158811108031	5.3139713710590195	5.4121040446775694	3.6217588567097327	4.798569003556882	4.715893370547605	4.063502942306158	2.548436624696042	5.186659017202113	-0.32364462172936986	-1.0009432180869566	-0.10700236367235523	0.46064544448182454	-0.012162456117236101	-1.0849128199781481	0.6447785007405097	0.1908227032966998	-0.3749844556577649	1.0572191051192288	0.9168316106282162	0.360376799018499	-0.5670350412084376	-0.889281338624532	-2.4267845312911955	0.5739347011879409	1.112833669442121	-0.07296184319618057	1.0129697790008496	1.42597030413005	-0.3543320432635045	1.6370914086222401	0.08849194226586488	-0.06985757089266659	2.1640514147639447	1.3399997360356128	0.40949565460585974	-0.6229249938789598	1.1582766486637632	-0.2931204415628651	0.6086426966969968	-0.6963299312239081	-0.3715616534531023	-1.2165403901656702	-1.0459073678666055	-0.9141315197612356	-0.7570919138951867	0.4086025566369576	0.7934598699388015	-0.6738072391932178	1.3654186848263716	0.24255974973843036	-0.2940826332957867	-0.5781825554289444	-0.32056012728377054	-0.5516625799827078	0.5456657756735364	0.5132755654948654	0.853687124235951	0.27463215806648367	-0.5455822653361261	0.026584750324040316	BS_NR3P3GN2	0.8959999999999999	3.2172307162206693
PT_DXET8FM2_16510-2_Solid Tissue_Initial CNS Tumor	4.203984165855989	2.032100843167024	3.0250287944915226	2.5777309314900805	2.6392321632492775	4.996840647795369	-1.7858751946471527	4.480265122054463	3.438292851579147	4.493775408460703	4.178714641175443	4.894332742277694	3.33199177823206	5.39334755137725	3.6403895600549454	3.759155833800272	2.84197311892718	4.2086733196294714	NA	NA	NA	NA	NA	NA	NA	NA	NA	NA	NA	NA	NA	NA	NA	NA	NA	NA	NA	NA	NA	NA	NA	NA	NA	NA	NA	NA	NA	NA	NA	NA	NA	NA	NA	NA	NA	NA	NA	NA	NA	NA	NA	NA	NA	NA	NA	NA	NA	NA	NA	NA	BS_8ZTEXH90	0.969	3.2675357980687347
PT_E3S6H59E_7316-133_Solid Tissue_Initial CNS Tumor	3.097610796626422	3.040892430646901	3.6724253419714956	1.9855004303048849	1.560714954474479	4.621758856709732	0.632268215499513	4.609400390006429	2.835924074254375	4.0522419811811385	4.838447592548458	5.416839741912829	3.5496691707264905	5.954661620837898	4.739308070860385	3.628773595201645	2.8619553641448694	4.542877099354142	NA	NA	NA	NA	NA	NA	NA	NA	NA	NA	NA	NA	NA	NA	NA	NA	NA	NA	NA	NA	NA	NA	NA	NA	NA	NA	NA	NA	NA	NA	NA	NA	NA	NA	NA	NA	NA	NA	NA	NA	NA	NA	NA	NA	NA	NA	NA	NA	NA	NA	NA	NA	BS_BKR4E30C	0.884	1.6461626571578936
PT_E4TXAYR6_7316-9077_Solid Tissue_Initial CNS Tumor	4.803743668505225	2.918386234446348	3.542258049766918	3.782408564927373	2.266036893995317	4.279471295644468	-3.8365012677171206	4.551516017628014	4.088311235888661	4.766065051474954	4.831370587967541	4.82781902461732	3.790772037862	5.6544928258834615	4.5963388642052	4.130107178658833	3.5777309314900805	5.655351828612554	NA	NA	NA	NA	NA	NA	NA	NA	NA	NA	NA	NA	NA	NA	NA	NA	NA	NA	NA	NA	NA	NA	NA	NA	NA	NA	NA	NA	NA	NA	NA	NA	NA	NA	NA	NA	NA	NA	NA	NA	NA	NA	NA	NA	NA	NA	NA	NA	NA	NA	NA	NA	BS_ECNBQ2RA	0.86	2.0496307677246004
PT_E9PS2A96_7316-9011_Solid Tissue_Initial CNS Tumor	5.32660925100527	4.362469888750209	3.816599706534912	4.820689560559215	3.800123352826528	4.869871406177713	-2	5.7713574089905615	5.986638471730853	6.867278739709662	5.745775149485796	6.008092420948722	5.002252451731379	7.22013644739608	5.426600226169925	4.995032192477536	3.5496691707264905	5.72328550477764	NA	NA	NA	NA	NA	NA	NA	NA	NA	NA	NA	NA	NA	NA	NA	NA	NA	NA	NA	NA	NA	NA	NA	NA	NA	NA	NA	NA	NA	NA	NA	NA	NA	NA	NA	NA	NA	NA	NA	NA	NA	NA	NA	NA	NA	NA	NA	NA	NA	NA	NA	NA	BS_JJVH7WR0	0.8590000000000001	1.9183862344463478
PT_ERTJRQ37_7316-9854_Solid Tissue_Initial CNS Tumor	6.477029653013065	4.4809113460477485	4.246408087246385	5.765799923285126	4.622930350920177	5.018367115543116	-0.4941090702700427	6.179710083870624	5.836429131161648	6.538538163629804	6.113117036390723	6.315421315945778	5.5963388642052	6.936520163171583	6.035183996618336	4.887037791419197	3.6028844087184186	5.8165997065349115	NA	NA	NA	NA	NA	NA	NA	NA	NA	NA	NA	NA	NA	NA	NA	NA	NA	NA	NA	NA	NA	NA	NA	NA	NA	NA	NA	NA	NA	NA	NA	NA	NA	NA	NA	NA	NA	NA	NA	NA	NA	NA	NA	NA	NA	NA	NA	NA	NA	NA	NA	NA	BS_DSPVSM7D	0.967	3.985500430304885
PT_FAZEJ3VR_7316UP-2238_Solid Tissue_Primary Tumor	3.838951766951943	2.411426245726465	2.8639384504239715	2.572889668420581	2.4059923596758366	4.3377110921282895	-2.1202942337177118	4.568640195419223	2.944858445807539	3.361768359419153	4.349082146391089	5.140778655782796	2.5897634869849773	5.274634402517586	4.093391153253013	3.713695814843359	2.8032270364349277	3.982765462583646	NA	NA	NA	NA	NA	NA	NA	NA	NA	NA	NA	NA	NA	NA	NA	NA	NA	NA	NA	NA	NA	NA	NA	NA	NA	NA	NA	NA	NA	NA	NA	NA	NA	NA	NA	NA	NA	NA	NA	NA	NA	NA	NA	NA	NA	NA	NA	NA	NA	NA	NA	NA	BS_CV9QNWN7	0.816	2.0426443374084937
PT_FCYM09DV_16510-1_Solid Tissue_Initial CNS Tumor	2.372952097911829	1.8032270364349277	2.4594316186372973	1.8953026213333068	2.570462931026041	5.17672169288105	-1.9434164716336324	4.290571850852079	3.0789513413948217	3.669026765509631	4.04176864995163	4.9593064897596575	2.9145645234939397	5.607034345948616	3.3936907641874536	3.889473542531109	2.974529312483882	4.12267271882414	NA	NA	NA	NA	NA	NA	NA	NA	NA	NA	NA	NA	NA	NA	NA	NA	NA	NA	NA	NA	NA	NA	NA	NA	NA	NA	NA	NA	NA	NA	NA	NA	NA	NA	NA	NA	NA	NA	NA	NA	NA	NA	NA	NA	NA	NA	NA	NA	NA	NA	NA	NA	BS_PQY28YXA	0.638	-0.25153876699596445
PT_FFSCZ7CA_7316UP-2877_Solid Tissue_Primary Tumor	4.354028938054387	2.974529312483882	3.729008870337863	3.27500704749987	2.9616233282869446	5.07724299893246	-1.3584539709124763	4.998646839005795	3.6229303509201767	4.140778655782796	4.4154882710497	5.7311832415722	2.9781956296816516	6.305605789585429	4.906409617094016	4.119356177039675	3.833902076669163	4.595145567990858	NA	NA	NA	NA	NA	NA	NA	NA	NA	NA	NA	NA	NA	NA	NA	NA	NA	NA	NA	NA	NA	NA	NA	NA	NA	NA	NA	NA	NA	NA	NA	NA	NA	NA	NA	NA	NA	NA	NA	NA	NA	NA	NA	NA	NA	NA	NA	NA	NA	NA	NA	NA	BS_74GHJS7N	0.6779999999999999	2.604071323668861
PT_FKCPVY7V_7316-8031_Solid Tissue_Initial CNS Tumor	4.5291962679993905	4.7938958825488776	4.030336078370959	2.456806149230474	3.356143810225275	5.358958825832329	2.62760683812965	6.110196177754199	4.888012585402829	5.561937059622433	6.63023071585969	6.740522858354904	4.9597701552114675	7.018700931064459	6.186659017202113	5.1013979521825314	4.23035674505615	6.416839741912829	NA	NA	NA	NA	NA	NA	NA	NA	NA	NA	NA	NA	NA	NA	NA	NA	NA	NA	NA	NA	NA	NA	NA	NA	NA	NA	NA	NA	NA	NA	NA	NA	NA	NA	NA	NA	NA	NA	NA	NA	NA	NA	NA	NA	NA	NA	NA	NA	NA	NA	NA	NA	BS_862NMAR7	0.9	2.918386234446348
PT_FYPWZBH0_7316-1085_Solid Tissue_Initial CNS Tumor	4.499527024215096	3.0391383939069585	2.3868109464722167	1.7782085763980877	2.821710215034674	4.463360885816658	-0.18442457113742744	4.89287670006069	4.042644337408494	4.614120868789254	4.974529312483882	5.4376272483189485	3.9708536543404835	4.94673086014031	4.71918344048179	3.8257856274647914	3.189033824390017	5.2712762591759255	NA	NA	NA	NA	NA	NA	NA	NA	NA	NA	NA	NA	NA	NA	NA	NA	NA	NA	NA	NA	NA	NA	NA	NA	NA	NA	NA	NA	NA	NA	NA	NA	NA	NA	NA	NA	NA	NA	NA	NA	NA	NA	NA	NA	NA	NA	NA	NA	NA	NA	NA	NA	BS_2A5R9MEJ	0.923	3.8328900141647417
PT_FZP24XYK_7316-1060_Solid Tissue_Initial CNS Tumor	3.3840498067951597	3.73768676140986	3.9900472195737944	2.389566811762726	2.1473066987802936	4.2141248053528475	-2.5563933485243853	5.407012773516011	4.358255586705128	5.293885430302371	5.623515741490549	5.756222712847288	4.575917361118149	5.964860664245848	5.370861740085285	4.4561490346479955	2.3645724322958563	5.671293372481576	NA	NA	NA	NA	NA	NA	NA	NA	NA	NA	NA	NA	NA	NA	NA	NA	NA	NA	NA	NA	NA	NA	NA	NA	NA	NA	NA	NA	NA	NA	NA	NA	NA	NA	NA	NA	NA	NA	NA	NA	NA	NA	NA	NA	NA	NA	NA	NA	NA	NA	NA	NA	BS_Z8F3GM85	0.7659999999999999	0.6415460290875237
PT_G395P98S_7316-8826_Solid Tissue_Initial CNS Tumor	5.161887682376894	3.8011586560936985	3.929790997718597	4.598722499676621	4.860962797858116	4.5855634984556914	-6.643856189774724	6.230548886634764	6.055065472565087	6.624685810525398	6.055499365813739	6.012345190419828	4.94766615679601	7.36273287432728	5.928133407829852	4.543495883425772	2.9068905956085187	5.125981653854716	NA	NA	NA	NA	NA	NA	NA	NA	NA	NA	NA	NA	NA	NA	NA	NA	NA	NA	NA	NA	NA	NA	NA	NA	NA	NA	NA	NA	NA	NA	NA	NA	NA	NA	NA	NA	NA	NA	NA	NA	NA	NA	NA	NA	NA	NA	NA	NA	NA	NA	NA	NA	BS_FKASA3MN	0.833	2.8639384504239715
PT_G9A050X1_7316-8028_Solid Tissue_Initial CNS Tumor	3.15704371014558	3.035623909730721	3.1521834190550453	2.2203299548795554	2.885574364371426	4.969012307516316	-0.5353317329965558	4.409390936137702	3.885574364371426	4.752213367865143	4.7745235295902315	5.079378111118652	3.725741156503952	6.061128135118254	4.620586410451877	3.8914191868460786	3.0268000593437154	4.51853513898218	NA	NA	NA	NA	NA	NA	NA	NA	NA	NA	NA	NA	NA	NA	NA	NA	NA	NA	NA	NA	NA	NA	NA	NA	NA	NA	NA	NA	NA	NA	NA	NA	NA	NA	NA	NA	NA	NA	NA	NA	NA	NA	NA	NA	NA	NA	NA	NA	NA	NA	NA	NA	BS_F9Y4Z92G	0.7390000000000001	0.6599245584023783
PT_GBCZ0RW3_7316-9642_Solid Tissue_Initial CNS Tumor	5.314333993919012	2.8298495598446904	3.0513721017210256	3.0806576633452254	2.769771739249448	4.510329019490572	-2.9434164716336326	5.277240898332068	4.720278465233327	5.323370069061268	4.741466986401147	5.976134472831654	4.217230716220669	6.461233861271283	4.28909670241999	4.828834649468056	2.584962500721156	5.5109619192773796	NA	NA	NA	NA	NA	NA	NA	NA	NA	NA	NA	NA	NA	NA	NA	NA	NA	NA	NA	NA	NA	NA	NA	NA	NA	NA	NA	NA	NA	NA	NA	NA	NA	NA	NA	NA	NA	NA	NA	NA	NA	NA	NA	NA	NA	NA	NA	NA	NA	NA	NA	NA	BS_TPB6WVF4	0.47	1.232660756790275
PT_HA0E85NR_7316-10221_Solid Tissue_Initial CNS Tumor	4.839455765224629	3.8579809951275723	3.9541963103868754	4.012568673503056	4.269781238274379	6.127220550488074	0.8718436485093178	5.659068274843228	5.8779895853872075	6.1141587687205465	5.819412726206565	6.61706334388818	5.358255586705128	6.706254253573203	5.164705840182799	5.434628227636725	3.189033824390017	6.762880292916999	NA	NA	NA	NA	NA	NA	NA	NA	NA	NA	NA	NA	NA	NA	NA	NA	NA	NA	NA	NA	NA	NA	NA	NA	NA	NA	NA	NA	NA	NA	NA	NA	NA	NA	NA	NA	NA	NA	NA	NA	NA	NA	NA	NA	NA	NA	NA	NA	NA	NA	NA	NA	BS_A7Y1Y314	0.755	1.956056652412403
PT_HMF8J4EG_7316-644_Solid Tissue_Initial CNS Tumor	2.066950243924627	2.881664619320345	2.18269229751619	1.5993177936982261	2.6758159311722696	3.4918530963296748	-1.5145731728297582	4.040892430646901	3.4195388915137843	3.752748591407134	4.289834465177509	5.140369670651527	3.258518924711301	4.421559944901823	4.3847405872923835	3.3936907641874536	3.400537929583729	5.381975478557301	NA	NA	NA	NA	NA	NA	NA	NA	NA	NA	NA	NA	NA	NA	NA	NA	NA	NA	NA	NA	NA	NA	NA	NA	NA	NA	NA	NA	NA	NA	NA	NA	NA	NA	NA	NA	NA	NA	NA	NA	NA	NA	NA	NA	NA	NA	NA	NA	NA	NA	NA	NA	BS_51RA1PGE	0.857	0.632268215499513
PT_HV1DFFQ1_7316-9139_Solid Tissue_Initial CNS Tumor	5.107687869314374	2.669026765509631	3.0338634518662837	2.956056652412403	3.683696454306516	5.330916878114617	-1.434402824145775	5.694880192799191	5.095080491901415	4.718635616271338	5.369466483650723	5.5388485207442395	4.390254956321868	5.547819956577703	4.729008870337863	5.195347598322219	4.040892430646901	5.85897561429202	NA	NA	NA	NA	NA	NA	NA	NA	NA	NA	NA	NA	NA	NA	NA	NA	NA	NA	NA	NA	NA	NA	NA	NA	NA	NA	NA	NA	NA	NA	NA	NA	NA	NA	NA	NA	NA	NA	NA	NA	NA	NA	NA	NA	NA	NA	NA	NA	NA	NA	NA	NA	BS_B57327NA	0.846	3.0959244199985356
PT_J5NSRW1Y_7316-3817_Solid Tissue_Initial CNS Tumor	3.7602209464665095	2.726831217032493	3.679198570566922	2.0036022366801953	2.277984747299765	4.438292851579146	-2.9434164716336326	4.612942196304665	4.108524456778169	4.095080491901415	5.094658342654544	5.570159301636119	3.6633446193660846	5.269781238274379	4.095080491901415	4.4535175792154975	2.2720231890610485	5.13709360897494	NA	NA	NA	NA	NA	NA	NA	NA	NA	NA	NA	NA	NA	NA	NA	NA	NA	NA	NA	NA	NA	NA	NA	NA	NA	NA	NA	NA	NA	NA	NA	NA	NA	NA	NA	NA	NA	NA	NA	NA	NA	NA	NA	NA	NA	NA	NA	NA	NA	NA	NA	NA	BS_GG9W3J9Y	0.922	2.8011586560936985
PT_JJZ5PN64_7316-8964_Solid Tissue_Initial CNS Tumor	4.811471030529836	4.228049047884462	4.006298023900369	3.6205864104518777	4.5963388642052	4.94063660720115	-0.9159357352115255	5.82781902461732	5.131754090984813	6.324450604656073	5.424250286084049	6.177120502846516	4.762348815644129	7.1923914569131755	5.25171909260596	5.427270935173585	3.040892430646901	5.724377421606217	NA	NA	NA	NA	NA	NA	NA	NA	NA	NA	NA	NA	NA	NA	NA	NA	NA	NA	NA	NA	NA	NA	NA	NA	NA	NA	NA	NA	NA	NA	NA	NA	NA	NA	NA	NA	NA	NA	NA	NA	NA	NA	NA	NA	NA	NA	NA	NA	NA	NA	NA	NA	BS_JQXHHK0K	0.737	2.0214797274104512
PT_JNEV57VK_7316-2594_Solid Tissue_Initial CNS Tumor	3.743084055549586	3.5921580021253603	3.6403895600549454	2.2203299548795554	2.7845039829295666	4.950001749083499	-1.15200309344505	5.5087455542444745	4.294253136444514	4.803227036434928	5.540089281982523	6.096978636370538	4.441616269406558	5.4110872267986005	5.20906339534927	4.454833906898869	3.4168397419128294	5.70265754339091	-0.35709104567083316	0.1902715183210993	0.20245004770783817	-0.32694174548597577	-0.13420722438044602	0.18758895584370872	-0.6332812541939853	-0.8462728182593967	-0.9489812662946445	-1.390759923896431	-0.6022185449941156	-0.8605949184329216	-0.05540249333644106	0.4138167598263135	0.8243489156303966	-0.9788619185191046	-0.6717906664663706	-0.15675716159509098	-0.05800161215352942	-0.7138749296904618	-0.3742346706849208	-0.6192801675721717	0.7694827599632643	-0.6486992081650796	1.1230287931386242	-1.400830576029171	-1.6923644835850271	-0.3997734774472655	0.26020189970813834	1.8527880303698618	-0.3188198990345715	-0.3258517166742055	-0.3900826543519596	-1.0255282640290593	-0.7999334171926623	-0.35766186345732276	0.16892507734125684	-0.3644793626200337	1.177534450471041	-0.3173473226779112	-0.623252463906908	0.18645887405758496	0.22513369697967128	-1.0455911787518328	-0.3515900374744594	0.37565221071088	0.5702217244127462	0.5638436051438913	-0.5668214971008647	0.20154881819304396	-0.9394713034482508	0.6277252555073137	BS_VF5XWFXD	0.922	3.070389327891398
PT_KCDPF85V_7316UP-2066_Solid Tissue_Primary Tumor	4.55581615506164	3.2735158897021166	3.3936907641874536	3.0652276227756188	2.408711861029429	4.533563348214512	0.15055967657538138	4.612352498752662	3.463360885816658	4.059182199211692	4.471187460386985	5.399171093819823	2.646162657157894	6.539469034749887	4.636334602442182	3.955126781261366	2.440952198029637	3.93451650158608	NA	NA	NA	NA	NA	NA	NA	NA	NA	NA	NA	NA	NA	NA	NA	NA	NA	NA	NA	NA	NA	NA	NA	NA	NA	NA	NA	NA	NA	NA	NA	NA	NA	NA	NA	NA	NA	NA	NA	NA	NA	NA	NA	NA	NA	NA	NA	NA	NA	NA	NA	NA	BS_8SQARNQW	0.568	1.613531652917927
PT_KEQ53KRH_7316-440_Solid Tissue_Initial CNS Tumor	2.7990873060740036	2.5801454844233804	2.9653225483672547	1.5704629310260412	3.2720231890610485	3.3476656563009706	-0.3584539709124763	4.733354340613827	4.167518503735217	4.308156975114762	4.866413481123453	5.841469999465799	4.078951341394822	5.008092420948722	4.405992359675837	4.06177619758669	2.0772429989324603	4.872336288104642	NA	NA	NA	NA	NA	NA	NA	NA	NA	NA	NA	NA	NA	NA	NA	NA	NA	NA	NA	NA	NA	NA	NA	NA	NA	NA	NA	NA	NA	NA	NA	NA	NA	NA	NA	NA	NA	NA	NA	NA	NA	NA	NA	NA	NA	NA	NA	NA	NA	NA	NA	NA	BS_K17VQECG	0.695	-0.10469737866669324
PT_KFYJBQB8_7316-3075_Solid Tissue_Initial CNS Tumor	2.9354597478052895	4.105175192265479	3.578938713093386	2.4594316186372973	2.361768359419153	3.896271848807375	-2.5563933485243853	5.142821844115928	4.396433531250992	4.850999394716474	5.735522177296538	5.787641414483327	4.25171909260596	6.31015831794782	5.369815424283912	4.735522177296538	2.7463127664254587	5.924337464075348	0.023954131300246637	-0.12515257298181162	0.9550545207844235	0.6728684484182047	1.7591382352345666	0.11844463140586056	1.5143134837292136	0.9306264006899752	1.4977120708952627	0.016006182639214342	-0.6720697705234984	1.2866152843148857	0.37806187905723054	0.4009822675072735	0.35634683361536373	-0.943411232137826	-0.7477443415412456	-0.40911893898335017	0.3096837473828669	0.26753202510648527	0.16136632653609245	0.30412590582893684	0.9169904208977521	-0.17938653007146663	0.8870208375465894	-0.03562051160501488	0.15149029553775983	0.3319969785965815	1.801905508471314	-1.6498165005502459	-2.1900246417068714	-0.5067724063745044	-0.5412366457774577	-0.6784973530656557	-1.7221621481204796	0.5244224736937946	-0.8250570822834427	-0.317511547233638	-0.3615351612705785	-1.0194345132106604	-1.8202682871887605	-0.2362752394390418	0.06850018876747095	-0.137603810973766	-0.7713120956557148	0.733223803391784	-0.4293845438029084	-0.2178385051343098	-0.22329259076651933	0.07620027300002638	-0.1354697233583708	1.1712065128999891	BS_52C576HH	0.772	1.560714954474479
PT_KVMF5TFW_7316-3030_Solid Tissue_Initial CNS Tumor	3.6712933724815757	3.4195388915137843	3.2387868595871163	1.565597175854225	1.565597175854225	3.9891390073682333	-1.0291463456595165	4.690975738343275	3.5533605033353277	4.3750394313469245	4.999098033705607	5.137913322088407	3.5533605033353277	5.361417466789213	4.684257705058932	4.0574502721839	2.6322682154995127	4.6082178530214595	NA	NA	NA	NA	NA	NA	NA	NA	NA	NA	NA	NA	NA	NA	NA	NA	NA	NA	NA	NA	NA	NA	NA	NA	NA	NA	NA	NA	NA	NA	NA	NA	NA	NA	NA	NA	NA	NA	NA	NA	NA	NA	NA	NA	NA	NA	NA	NA	NA	NA	NA	NA	BS_399RPKC9	0.809	0.070389327891398
PT_KX1QQQRC_7316-8939_Solid Tissue_Initial CNS Tumor	5.155425431747197	3.886550147324343	4.235727059838059	4.060912049587874	3.5109619192773796	4.584962500721156	-3.1844245711374275	5.628481994383899	5.308885057411763	5.863195112473192	5.629648044187436	6.380417772765277	5.046141781644721	6.804905414675281	5.663629258814752	5.087462841250339	3.371558862611963	6.1923914569131755	NA	NA	NA	NA	NA	NA	NA	NA	NA	NA	NA	NA	NA	NA	NA	NA	NA	NA	NA	NA	NA	NA	NA	NA	NA	NA	NA	NA	NA	NA	NA	NA	NA	NA	NA	NA	NA	NA	NA	NA	NA	NA	NA	NA	NA	NA	NA	NA	NA	NA	NA	NA	BS_H9JYKFTV	0.795	2.7070829917717063
PT_KX84KH6K_7316-2703_Solid Tissue_Initial CNS Tumor	3.743084055549586	4.139142019145689	4.4276061727819	4.287620044112067	3.102658131363739	4.832383716549127	1.01435529297707	5.056583528366367	3.957914598632985	5.260402093025793	5.146084938616191	5.600804954989473	4.330558400030802	6.282810439572558	4.6570683012015754	4.15704371014558	2.992768430768924	4.898692072560488	NA	NA	NA	NA	NA	NA	NA	NA	NA	NA	NA	NA	NA	NA	NA	NA	NA	NA	NA	NA	NA	NA	NA	NA	NA	NA	NA	NA	NA	NA	NA	NA	NA	NA	NA	NA	NA	NA	NA	NA	NA	NA	NA	NA	NA	NA	NA	NA	NA	NA	NA	NA	BS_52MPKTJH	0.6990000000000001	-5.643856189774724
PT_M1BBF6RA_7316-9799_Solid Tissue_Initial CNS Tumor	5.543805175964397	4.768184324776926	4.5109619192773796	3.4168397419128294	3.593353770980297	4.5453506448223	-4.058893689053568	5.661635602335959	6.44857062600553	6.258330472612426	5.523561956057013	5.746312766425459	5.118110505607367	6.571828473050271	5.279099802133753	4.877253453876608	2.7570232465074596	5.997292407636508	NA	NA	NA	NA	NA	NA	NA	NA	NA	NA	NA	NA	NA	NA	NA	NA	NA	NA	NA	NA	NA	NA	NA	NA	NA	NA	NA	NA	NA	NA	NA	NA	NA	NA	NA	NA	NA	NA	NA	NA	NA	NA	NA	NA	NA	NA	NA	NA	NA	NA	NA	NA	BS_FGJH1X0S	0.742	2.4854268271702415
PT_M8MDJNZB_7316-8965_Solid Tissue_Initial CNS Tumor	5.757556688939453	4.015247773698937	3.229587922740652	4.695437110405369	4.781884234541486	5.119771161952904	-1.8365012677171204	6.699607153893178	6.549207089355683	6.812113112983306	6.042425465369708	6.478810058854076	5.7438919109365685	6.819284980596981	5.726286289720674	5.452529544677926	3.9193400824420124	5.998195503153252	NA	NA	NA	NA	NA	NA	NA	NA	NA	NA	NA	NA	NA	NA	NA	NA	NA	NA	NA	NA	NA	NA	NA	NA	NA	NA	NA	NA	NA	NA	NA	NA	NA	NA	NA	NA	NA	NA	NA	NA	NA	NA	NA	NA	NA	NA	NA	NA	NA	NA	NA	NA	BS_TVH33J9Q	0.763	3.5160151470036647
PT_MP85FHCR_7316-9850_Solid Tissue_Initial CNS Tumor	6.159064008810545	4.253232938538032	3.8982083525087177	4.797012977836145	3.5558161550616396	4.85598969730848	-0.08926733809708741	5.370861740085285	5.771093251699539	6.157447996274298	5.6455863859136075	5.699607153893178	4.764473550992666	6.7348450781894975	5.581953750848818	4.765534746362977	3.1473066987802936	5.579843886211581	NA	NA	NA	NA	NA	NA	NA	NA	NA	NA	NA	NA	NA	NA	NA	NA	NA	NA	NA	NA	NA	NA	NA	NA	NA	NA	NA	NA	NA	NA	NA	NA	NA	NA	NA	NA	NA	NA	NA	NA	NA	NA	NA	NA	NA	NA	NA	NA	NA	NA	NA	NA	BS_A6NXR7RC	0.76	3.0617761975866897
PT_MSQ6GSVP_7316-2274_Solid Tissue_Initial CNS Tumor	5.20124177119825	3.3161457422933562	3.9457949567400608	2.851998837112446	1.74416109557041	3.257010618206024	-1.7858751946471527	4.370861740085285	4.06177619758669	4.882643049361842	4.587364990936461	5.36562255611334	3.1127001327493624	5.300489844363109	4.132576842670009	3.955126781261366	1.7311832415722	5.12267271882414	-0.43458361936534223	-0.16195054906725367	1.339543124480316	0.5162857113204722	1.5003738134064806	0.4328105599047515	0.9795373194275199	0.7743908534927182	0.9197068879526955	0.7859272908380887	1.390842925964447	-0.3584224960714706	1.6321270461717676	-0.9201215204646134	-2.157870931302814	0.2262184880260469	0.27792405329329417	0.6116775246027072	0.05335492317101271	0.32526465357038165	0.34192875140881157	0.8680403810196403	1.2483022771327756	0.27998394435758844	1.2639390420650018	-0.24232954944510393	1.0329818205674803	1.1193998061324621	-0.3993114264314145	0.7513482255816211	0.8032094839701297	2.141724041685718	2.431828471766805	1.0596486431992644	0.6025350124656776	0.0063325762218448016	0.9645074653857154	0.7156097942109143	1.7332574340563591	2.8209118225696934	-0.48220459890631867	0.96879316357839	-0.21403518805500035	0.36572595744132963	0.16104542925554038	0.40265840914687007	0.5452600114663938	-0.5121008592332352	-0.11502105869109319	0.26392529519346747	0.368262150653166	0.11735643721255082	BS_KP735TJ6	0.937	3.6507645591169022
PT_MV5WXTQV_7316-8036_Solid Tissue_Initial CNS Tumor	3.9001422603598166	3.8369340113210915	3.158660175346498	2.918386234446348	2	3.5777309314900805	-1.6896598793878495	4.36667191611176	4.315421315945778	5.005849075696688	5.1815001517046095	5.281327329659484	4.28021399581062	6.3878450129655775	4.961623328286945	4.10936055940423	2.873813198359087	5.738227400367242	NA	NA	NA	NA	NA	NA	NA	NA	NA	NA	NA	NA	NA	NA	NA	NA	NA	NA	NA	NA	NA	NA	NA	NA	NA	NA	NA	NA	NA	NA	NA	NA	NA	NA	NA	NA	NA	NA	NA	NA	NA	NA	NA	NA	NA	NA	NA	NA	NA	NA	NA	NA	BS_YA0KMBRT	0.93	2.613531652917927
PT_N3205P0D_7316-1099_Solid Tissue_Initial CNS Tumor	4.205548911173033	3.3950627995175777	4.119356177039675	1.4329594072761063	4.033863451866284	5.113533819591914	0.4222330006830478	5.819668183496455	5.292413667827485	5.160274831408593	5.653346692722177	6.470862199413702	4.422905742612183	5.796234335175764	4.635173946674924	5.437294331497144	4.04176864995163	5.707635219545296	1.2677137084973258	0.9026802854358007	0.044771782701972414	1.4735893797681934	0.18126985620451144	0.9861834811184121	0.4075266449852604	1.1352974529138422	0.9884431017764348	0.4883809395116926	0.9338514247973743	1.670890956693296	0.6325416963940828	2.238318030641794	2.3677213084780986	0.49662874637485616	0.99388445218981325	0.015193589941472326	1.572847330538709	1.5444840247137825	1.7984160658897432	0.9332714105018184	0.345579900965322	-0.5252466544553794	-0.9460850071818553	-1.0746189292446986	0.7120894611435338	0.4250515690800809	-0.013963381493974176	0.4793151823556919	-1.1433341486642692	-0.0914630632983431	-0.3453471598634138	0.9527625878072447	-0.16795852601087702	-1.3935529336289774	-0.14657348720139282	-0.21858055279387442	0.7199352714172544	0.759148792993054	-0.16401365334308046	0.030610334999686926	1.95252204853439	1.4812250637898443	2.6194839585221015	0.39705608517309876	1.8990176884731949	0.47289624422927673	0.16449466708767993	0.19779777161952763	0.26973172091100855	0.7161813823600188	BS_052PZFMK	0.652	2.4276061727818994
PT_P2NGYMG5_7316-1956_Solid Tissue_Initial CNS Tumor	3.9354597478052895	3.542258049766918	3.4905701304462013	2.232660756790275	2.673556423990145	4.882643049361842	-1.1202942337177118	5.767389962065719	4.346956889378885	4.143230134776893	5.71259578044703	5.817879031830138	4.115199749385445	5.242983516109694	5.076388068512841	4.607034345948616	3.7602209464665095	5.660209873352559	-0.3664099661306836	-0.5367914593329772	0.13025645855772522	0.3934571044227306	-1.4922650184816038	0.5858566230412697	-0.051923603451218256	-0.6911060995731916	-1.4944314283038893	-1.0586387590025927	-1.101108742844451	-0.7686082272641136	-0.7322532251650209	-0.5305547862023792	0.06158190434819169	-0.8951399659179022	-1.5146631518953468	0.013523239866281556	0.2395930169082661	-0.0842936432824368	0.7667890986480177	-0.3750775229164701	0.37860209489345636	-0.3301339885100602	-0.12830366010207772	-1.365204603841897	-0.8708174217101897	-0.027987320239033893	0.2602028433221276	0.0764185421412968	-1.5584770221841964	-0.5505638342595442	-0.7713241683025601	-0.4452060257287015	-0.450006032064488	0.4783378335850762	0.03321045958025353	-0.5631992836565656	-0.9345131135091891	-0.6071412521851685	-0.1979608399843133	0.7717430932823953	-0.3530489965744977	-0.22834708512573124	-0.7053755985622878	-0.18165951840098676	-1.2834117818247828	-1.6630430613315137	-1.0866683570060613	0.013639648057060073	-0.48576453468126574	1.3395071564618413	BS_GW0GKWMS	0.769	2.18269229751619
PT_PEHEAEVT_7316-4552_Solid Tissue_Initial CNS Tumor	2.523561956057013	1.2509615735332187	1.8836208162856714	0.3103401206121505	1.411426245726465	4.6082178530214595	-5.643856189774724	5.261530815243406	3.3909427728025427	2.8933622107638715	4.590362488463746	4.107687869314374	2.0806576633452254	4.074676686294496	4.5229345609434555	3.658782734012828	3.41006969175638	5.7379571062135915	-0.845053435196783	-0.7053954974009666	-0.9931897650973287	-1.9463640779324363	-1.0978362478637191	0.25113734346921884	-0.7335330237098905	-0.4569933582851388	-0.5013079679904451	-0.48583935343825346	-0.02340279988720145	-0.338633662016301	-1.0173119698297206	0.032819450990863794	0.5157127255805815	-1.6496837136581082	-0.44128397317781143	-0.879694544599502	-0.03730930806131264	-1.0330260867773018	-1.643922201462662	-0.8517179057923878	-0.607246817804158	-1.1172185727139707	0.9175071877536645	-0.3662213406526797	0.28083470483559897	-0.022158181619265773	0.4221138205841473	-0.4398680679009382	-0.8126074709620933	0.3744640837865449	-0.8986205286256034	-1.0474668129382416	-0.9534154660209645	-1.3152056894721857	-0.6325056213547146	-0.5891612027264648	-0.8829806244532835	-1.5119452823790829	0.5113366447649941	-0.6274991627282358	-0.7727849066876981	-0.6571073432325976	-1.696194434242468	-0.7049628614137555	-0.6981327931608469	-0.3665151731029802	-1.5732425264264427	-0.856378016761365	0.8006819763377089	0.15005183853305706	BS_WHBEXD5H	0.476	NA
PT_PF9EC93Q_7316-3765_Solid Tissue_Initial CNS Tumor	3.711494906650088	3.269033146455237	3.237257770900372	1.9373443921502325	2.232660756790275	4.444269502413482	0.02856915219677092	4.676944359106912	4.207111961207714	4.593951283948411	5.049195105622275	5.351910961103077	4.210232990095849	5.189824558880018	4.0900065299038175	4.403949364232865	2.37851162325373	5.465648025982281	-0.25525773390150547	0.16941795616353222	-1.0849209534352393	-1.376611883322746	-1.680166740569186	-1.8288293678122898	-1.7084525007049889	-0.7655969255249085	-1.0064030652677067	-1.4695649896108947	-1.2082212308355778	-0.8870736588540414	-1.4152591091022135	-0.3691216883946282	-0.3903612423024566	0.06866359278609459	-0.4032541844481504	-1.1774415680965473	-1.003544653364311	-0.06427554033916859	-2.5353924810457533	-0.33015026440694406	-0.3305240521608563	-0.3545041196222364	-0.521831819260169	-0.31313909072517637	0.20434939622441026	-0.6624527386667594	0.48316709103055205	-1.3533976993361574	0.38318799024233186	-0.5792428619003109	-0.16055680050162865	0.19417158219971897	0.1780584271455665	-1.7765568501401479	-1.3747328430105756	-1.1696451257947178	-0.3532017178987978	0.3838673641458932	-1.0809538797689915	-1.1146511777108006	-1.9604578348575408	-0.8018633639754702	-1.5195037221496273	-0.38597681927868144	-0.7763023215758645	-1.5844594373194305	-0.0433588021992938	-1.193667916275495	-1.7637376388871493	-1.086383210085348	BS_V3Z3DB4N	0.872	2.4195388915137843
PT_PR4YBBH3_7316-116_Solid Tissue_Initial CNS Tumor	2.769771739249448	3.0232553523003034	3.1473066987802936	1.8639384504239715	1	2.495695162624069	-0.5994620704162712	4.578334948681608	2.786596361890807	3.849999259466098	5.362820525534263	5.445594291341182	4.0435194936627425	4.099295204337775	4.238786859587116	3.9945797242157473	1.8073549220576042	5.464341532761104	NA	NA	NA	NA	NA	NA	NA	NA	NA	NA	NA	NA	NA	NA	NA	NA	NA	NA	NA	NA	NA	NA	NA	NA	NA	NA	NA	NA	NA	NA	NA	NA	NA	NA	NA	NA	NA	NA	NA	NA	NA	NA	NA	NA	NA	NA	NA	NA	NA	NA	NA	NA	BS_RXN5T5YT	0.986	0.8155754288625726
PT_QBEA1CGX_7316-10711_Solid Tissue_Initial CNS Tumor	6.213152835336369	4.321206566969903	4.575917361118149	4.981396031972149	3.6881803585869264	4.963011647599427	2.0531113364595623	5.575614877619633	5.541328977045604	7.041659151637215	6.00337736020232	6.1001366712854495	4.901108243014512	7.650118302959566	5.9356954630318395	4.458119481174506	3.793895882548878	5.468909092110591	NA	NA	NA	NA	NA	NA	NA	NA	NA	NA	NA	NA	NA	NA	NA	NA	NA	NA	NA	NA	NA	NA	NA	NA	NA	NA	NA	NA	NA	NA	NA	NA	NA	NA	NA	NA	NA	NA	NA	NA	NA	NA	NA	NA	NA	NA	NA	NA	NA	NA	NA	NA	BS_PENM28KT	0.856	4.238022517825721
PT_QQZXYR4M_7316-1946_Solid Tissue_Initial CNS Tumor	3.5185351389821804	2.8953026213333066	3.3840498067951597	2.344828496997441	2.3362833878644325	4.600507645345786	-1.8889686876112561	4.1201860275318625	3.807354922057604	4.44028782084042	4.332707933640605	4.9415758618182375	4.064365540263628	5.291308859828971	4.135863165368679	3.542258049766918	2.3589588258323295	4.951401291674311	-0.06631400956563359	-1.4798722497222843	-0.3074890616870803	-0.22755101370408765	-0.94910640019799	0.5357286843677318	-0.6176994784765734	-0.4034199108300443	-0.28433463175501544	-0.689646781235924	-0.6542892018621193	0.4596872099524116	-0.5192654716292066	-0.10991770955996985	-1.1981622073591636	-1.624791603093174	-1.9360302849000746	-0.6745628250388744	-0.5012820174739515	-0.7816305895987365	0.5537880162336838	-0.820896769715349	-0.303772816511169	-1.137129143155185	-1.3648798762726502	-0.2194484590888433	-0.641282080804001	-0.09430067452323221	-0.49288375991535366	0.30986909854477257	-1.0348191456623173	-0.5658600770777357	-1.1568321543351445	-0.32994388207092895	-0.5089559032420634	-0.9943315754538969	-0.7847718191886763	-1.3939421469500894	0.2520980041105736	-1.1572931587194304	-0.8919707580722382	-1.1955234470860432	-1.2109701757294569	0.37905719452246617	-1.0218557985935124	-0.6355920700112438	-0.6017006167607668	-0.341348946906659	-1.2614214268759982	-0.15062229310764652	-0.8756847882878125	-0.13121120918420962	BS_8PNA0V6R	0.6459999999999999	0.8155754288625726
PT_QS59ATXW_16510-14_Solid Tissue_Initial CNS Tumor	4.020591094773247	2.403267722339301	3.1842802944193824	2.4698859762744636	2.339137384919585	4.537296067090842	-1.5563933485243853	5.125981653854716	3.2203299548795554	3.534808661231747	4.574707046415546	5.601993581248998	2.788685710613534	5.655924213083815	4.612942196304665	4.022367813028454	2.9011082430145123	4.3750394313469245	NA	NA	NA	NA	NA	NA	NA	NA	NA	NA	NA	NA	NA	NA	NA	NA	NA	NA	NA	NA	NA	NA	NA	NA	NA	NA	NA	NA	NA	NA	NA	NA	NA	NA	NA	NA	NA	NA	NA	NA	NA	NA	NA	NA	NA	NA	NA	NA	NA	NA	NA	NA	BS_AS4K2YQW	0.8640000000000001	3.297191416565856
PT_QTDY0Y9A_7316-3771_Solid Tissue_Initial CNS Tumor	3.1043366598147357	3.228049047884462	3.0036022366801953	1.925999418556223	2.871843648509318	4.442280035252584	0.2630344058337938	5.485748821377781	3.565597175854225	3.4489009511451276	5.804518269888069	6.175324989184902	2.8875252707415875	6.0654430629374305	5.523561956057013	4.256255873202732	3.679198570566922	5.695158678475356	0.12318279544950221	0.19259687693580274	0.2659637104034865	0.11622744747193946	-0.38025918869930025	-0.19117222155621894	0.3539566337875215	-1.8899585406501576	0.32461846913567116	1.262505238093852	0.12290163766988912	1.0676732075363295	-0.14118052482646087	0.3446633696187112	1.5843350343000862	1.1707077170734081	0.6251689291130771	0.2164477509594238	-0.37877626387961016	-0.21416888825204122	0.2980740923175736	-1.3793798127120118	-0.5344276876950359	0.5334133985864155	0.09908814389193323	0.06945406362028908	0.4184498813947458	-3.2142310045088722	0.5380345831277359	-0.431201393748018	-0.34006239615311085	-0.30651492408131137	0.24895596303562495	-0.03329539217432728	-0.004693082922549022	-0.09371078391461533	1.189073057965596	0.5130407607228394	0.4169199306385166	-0.10466915188068714	1.9410087297963248	-0.9557342494085848	0.8209862033148176	0.29072074736218356	0.173554345059221	0.48808731503333275	1.1958620519014371	2.0665598648457193	-0.3215915204777584	-0.12029747969535498	-0.6570083713457109	0.38875966303222115	BS_MDBT7S5Z	0.406	-0.7369655941662062
PT_R0R6VWX9_7316-9343_Solid Tissue_Initial CNS Tumor	3.8845979209900645	3.8278190246173196	4.45022149589718	3.41006969175638	2.0772429989324603	4.024142345897803	0.45417589318580215	4.964860664245848	3.8875252707415875	4.6455863859136075	4.832383716549127	4.72137265947682	4.218781167784069	7.431121472526426	4.187451054027326	3.277984747299765	2.341985747228616	5.328046556270742	NA	NA	NA	NA	NA	NA	NA	NA	NA	NA	NA	NA	NA	NA	NA	NA	NA	NA	NA	NA	NA	NA	NA	NA	NA	NA	NA	NA	NA	NA	NA	NA	NA	NA	NA	NA	NA	NA	NA	NA	NA	NA	NA	NA	NA	NA	NA	NA	NA	NA	NA	NA	BS_S3MET0JZ	0.624	-1.0892673380970874
PT_R5T773FS_7316-8029_Solid Tissue_Initial CNS Tumor	4.819668183496455	4.653060017104565	4.2712762591759255	3.346247774082775	3.3305584000308026	4.303050084681673	1.207892851641333	5.472162803550368	5.03121873061072	5.470862199413702	5.472162803550368	5.7238315664953205	4.639810977716776	6.970968660521811	5.718087583960517	4.680324356844016	3.354734239970604	5.41006969175638	NA	NA	NA	NA	NA	NA	NA	NA	NA	NA	NA	NA	NA	NA	NA	NA	NA	NA	NA	NA	NA	NA	NA	NA	NA	NA	NA	NA	NA	NA	NA	NA	NA	NA	NA	NA	NA	NA	NA	NA	NA	NA	NA	NA	NA	NA	NA	NA	NA	NA	NA	NA	BS_2HNXVFAS	0.899	0.9560566524124029
PT_RYMG3M91_A18777_Solid Tissue_Initial CNS Tumor	5.569855608330948	5.086189313104476	4.612942196304665	3.7147950111181625	4.195347598322219	5.893362210763872	0.8318772411916731	7.275938239064431	5.8738131983590876	6.216454865144757	7.2404097425172305	7.114575251125544	5.593054921669878	6.717676423066396	6.351734322591575	5.856487779495678	5.033863451866284	6.498570012544255	NA	NA	NA	NA	NA	NA	NA	NA	NA	NA	NA	NA	NA	NA	NA	NA	NA	NA	NA	NA	NA	NA	NA	NA	NA	NA	NA	NA	NA	NA	NA	NA	NA	NA	NA	NA	NA	NA	NA	NA	NA	NA	NA	NA	NA	NA	NA	NA	NA	NA	NA	NA	BS_D7XRFE0R	0.679	3.5716768099709313
PT_S0Q27J13_7316-2307_Solid Tissue_Initial CNS Tumor	3.424922088210688	3.1243281350022016	3.8186460828225393	1.4750848829487826	1.6276068381296498	4.442943495848728	-3.0588936890535687	4.888499735514123	3.689299160535892	4.336283387864432	4.772941337831336	5.135863165368679	4.357552004618084	5.3125199674749455	4.612352498752662	3.71259578044703	3.6530600171045644	4.77082904603249	NA	NA	NA	NA	NA	NA	NA	NA	NA	NA	NA	NA	NA	NA	NA	NA	NA	NA	NA	NA	NA	NA	NA	NA	NA	NA	NA	NA	NA	NA	NA	NA	NA	NA	NA	NA	NA	NA	NA	NA	NA	NA	NA	NA	NA	NA	NA	NA	NA	NA	NA	NA	BS_Z8YZ6QGS	0.698	1.6040713236688608
PT_S7JCQ3TH_7316-8828_Solid Tissue_Initial CNS Tumor	5.309248960816616	4.088311235888661	4.125981653854716	3.604071323668861	3.1243281350022016	3.8011586560936985	-0.888968687611256	5.2630344058337934	4.9593064897596575	5.698218478224414	5.621758856709732	5.723558561472103	4.5915597458278015	6.656067273725599	5.135452784185173	4.87528859822269	3.0391383939069585	5.57349571549561	NA	NA	NA	NA	NA	NA	NA	NA	NA	NA	NA	NA	NA	NA	NA	NA	NA	NA	NA	NA	NA	NA	NA	NA	NA	NA	NA	NA	NA	NA	NA	NA	NA	NA	NA	NA	NA	NA	NA	NA	NA	NA	NA	NA	NA	NA	NA	NA	NA	NA	NA	NA	BS_PJC6FH4Y	0.805	2.440952198029637
PT_SGJK5KSB_7316-9140_Solid Tissue_Initial CNS Tumor	4.897240425574799	5.12391445900198	4.424922088210688	4.297925052503806	3.550900664647523	5.19021976366016	3.060047383669939	5.340562269026414	4.60584986719498	5.73226919950145	5.0522419811811385	5.316507819103109	4.542258049766918	6.877621566583064	5.129283016944966	4.255500733148386	3.7015490569430707	4.330558400030802	NA	NA	NA	NA	NA	NA	NA	NA	NA	NA	NA	NA	NA	NA	NA	NA	NA	NA	NA	NA	NA	NA	NA	NA	NA	NA	NA	NA	NA	NA	NA	NA	NA	NA	NA	NA	NA	NA	NA	NA	NA	NA	NA	NA	NA	NA	NA	NA	NA	NA	NA	NA	BS_SY3J3XR9	0.643	1.3950627995175775
PT_SSE4AH59_7316-1776_Solid Tissue_Initial CNS Tumor	1.5753123306874368	2.1243281350022016	2.6803243568440163	0.3334237337251918	1.74416109557041	4.568640195419223	-1.7369655941662063	4.291308859828971	3.0992952043377753	3.4222330006830477	4.67072705449947	5.008092420948722	3.503348735167504	5.472812666192388	3.8659188145522125	3.4802651220544627	2.889473542531109	4.883132015657282	NA	NA	NA	NA	NA	NA	NA	NA	NA	NA	NA	NA	NA	NA	NA	NA	NA	NA	NA	NA	NA	NA	NA	NA	NA	NA	NA	NA	NA	NA	NA	NA	NA	NA	NA	NA	NA	NA	NA	NA	NA	NA	NA	NA	NA	NA	NA	NA	NA	NA	NA	NA	BS_KQ6ZW085	0.732	0.35614381022527536
PT_T8V9ES93_7316-1106_Solid Tissue_Initial CNS Tumor	2.1538053360790355	2.3362833878644325	3.1538053360790355	1.5260688116675876	2.1243281350022016	4.346247774082776	-1.286304185156641	4.452200049406222	3.0232553523003034	3.7147950111181625	4.4561490346479955	5.1201860275318625	3.1259816538547156	5.169524197150003	4.267535798068735	3.140778655782796	3.4789718050329426	5.199672344836364	NA	NA	NA	NA	NA	NA	NA	NA	NA	NA	NA	NA	NA	NA	NA	NA	NA	NA	NA	NA	NA	NA	NA	NA	NA	NA	NA	NA	NA	NA	NA	NA	NA	NA	NA	NA	NA	NA	NA	NA	NA	NA	NA	NA	NA	NA	NA	NA	NA	NA	NA	NA	BS_H1XPVS9A	0.871	1.0565835283663676
PT_T9F17G9F_7316-8814_Solid Tissue_Initial CNS Tumor	5.232660756790275	3.594548549550354	3.3687683490903346	4.361066488794321	5.54318652456517	5.405992359675837	-0.888968687611256	6.311975314461157	6.552899602940303	5.943921326553485	6.2228431931073045	6.3032327852506365	5.3750394313469245	6.764871590736091	5.7309116243181	4.915520900751958	4.0669502439246275	5.342341397431548	NA	NA	NA	NA	NA	NA	NA	NA	NA	NA	NA	NA	NA	NA	NA	NA	NA	NA	NA	NA	NA	NA	NA	NA	NA	NA	NA	NA	NA	NA	NA	NA	NA	NA	NA	NA	NA	NA	NA	NA	NA	NA	NA	NA	NA	NA	NA	NA	NA	NA	NA	NA	BS_MG78HQDM	0.853	3.2720231890610485
PT_TNJPSPW3_7316-10002_Solid Tissue_Initial CNS Tumor	5.37920505996061	4.074676686294496	3.8278190246173196	3.6016965164809576	3.1747259877061333	4.421559944901823	-2.0588936890535687	5.048759311919856	5.01435529297707	5.82196526586905	5.39780296186249	5.619119511453218	4.431622959713292	6.414304694623959	5.1925887215666435	4.482848283068465	2.2479275134435857	5.505890929729957	NA	NA	NA	NA	NA	NA	NA	NA	NA	NA	NA	NA	NA	NA	NA	NA	NA	NA	NA	NA	NA	NA	NA	NA	NA	NA	NA	NA	NA	NA	NA	NA	NA	NA	NA	NA	NA	NA	NA	NA	NA	NA	NA	NA	NA	NA	NA	NA	NA	NA	NA	NA	BS_EXPJQZTH	0.804	3.177917792195843
PT_TPDB1WC8_7316-2777_Solid Tissue_Initial CNS Tumor	4.807870078299782	6.462215954597764	5.12474169241965	3.465974464504069	2.1667154449664223	3.631104282365877	0.7570232465074596	6.181897643108388	4.669593751188333	5.267910280884825	6.718087583960517	5.631104282365877	3.594548549550354	6.425089989874059	5.248686626873828	5.046141781644721	1.5558161550616396	5.636914580355878	0.030445507885755455	-0.39232391881121476	0.9502276720527758	0.6121489220362853	0.5390125035511829	0.7940476580459255	1.4442482056514496	-0.4462147273648874	1.0685705466588804	-0.8496223544618968	1.2166188590377507	1.9561385639079512	-0.5865344284002817	-0.5170596861590313	0.43644366626745595	1.1184938090241907	-1.0753786195492943	0.53324092988992855	-0.5468013175072352	-0.31703831600458293	0.1797567884974179	-0.11845607039544974	1.0155745889791536	0.6238039201037605	-1.2159909776072728	-0.7779704181838308	-0.947780794335235	-1.4882174497561447	-1.1728909340601896	-0.1208574252274472	0.45054819432197607	2.613918354836454	2.659358373219567	2.357792786598958	2.221122986833251	0.2719211978207259	0.6000516691476518	0.3700411371036351	-0.0940085126203415	1.6806831560316162	0.012993514508358957	-0.7045961878477298	1.3426578453654003	0.7802700984020796	0.10484841697531383	0.8678248502185358	-0.3572601026663731	-0.045665772325535536	0.5451266525146256	0.5294394877553232	-0.7439037544863073	-1.5509148042935008	BS_SD8YBRBR	0.926	2.713695814843359
PT_TVJ5EGMR_7316-8033_Solid Tissue_Initial CNS Tumor	4.933572638261024	4.436295119839363	4.41886457739032	3.2016338611696504	3.5496691707264905	4.811984719351674	0.22650852980867975	5.832130501095929	5.128870759465125	5.539158811108031	6.122879749755239	6.097400107317411	4.982765462583646	7.189923370224934	6.0463600906473145	5.122258567811998	2.807354922057604	5.8359240742543745	NA	NA	NA	NA	NA	NA	NA	NA	NA	NA	NA	NA	NA	NA	NA	NA	NA	NA	NA	NA	NA	NA	NA	NA	NA	NA	NA	NA	NA	NA	NA	NA	NA	NA	NA	NA	NA	NA	NA	NA	NA	NA	NA	NA	NA	NA	NA	NA	NA	NA	NA	NA	BS_G5NHSFD4	0.75	1.6959938131099002
PT_TWAHK62W_7316-9055_Solid Tissue_Initial CNS Tumor	5.238022517825721	4.853995647176393	3.8708578643637623	4.663913842115978	3.8629472480209217	5.1346316714476465	0.28688114778816154	5.700162250106601	6.27015513876653	6.588714635582264	5.862947248020921	5.663913842115978	5.309976492370556	6.458283563635973	5.77636722957392	5.294253136444514	3.5459683691052923	5.560714954474479	NA	NA	NA	NA	NA	NA	NA	NA	NA	NA	NA	NA	NA	NA	NA	NA	NA	NA	NA	NA	NA	NA	NA	NA	NA	NA	NA	NA	NA	NA	NA	NA	NA	NA	NA	NA	NA	NA	NA	NA	NA	NA	NA	NA	NA	NA	NA	NA	NA	NA	NA	NA	BS_MD0937XT	0.37200000000000005	0.7398481026993274
PT_V482NWB8_7316-8037_Solid Tissue_Initial CNS Tumor	4.547819956577703	4.3298411765306275	4.203201156316611	2.9145645234939397	3.0089887832272546	4.032982416699429	-0.2688167584278	4.676944359106912	4.292045492492862	5.311793717753649	5.555202633878297	5.672708195622218	4.487357715311547	6.551362203987388	5.252097703037443	4.540399305630624	2.3978029618624896	5.339137384919585	NA	NA	NA	NA	NA	NA	NA	NA	NA	NA	NA	NA	NA	NA	NA	NA	NA	NA	NA	NA	NA	NA	NA	NA	NA	NA	NA	NA	NA	NA	NA	NA	NA	NA	NA	NA	NA	NA	NA	NA	NA	NA	NA	NA	NA	NA	NA	NA	NA	NA	NA	NA	BS_VKYEM67A	0.7509999999999999	-1.0291463456595165
PT_V9ACEWSK_16510-25_Solid Tissue_Initial CNS Tumor	3.171527106038814	2.0426443374084937	2.9392265777282085	2.0738202332916713	3.1358631653686793	5.447909748742077	-0.8109661756099832	4.719731056749852	3.4329594072761065	4.296457407371244	4.458775699080244	5.108942568660791	3.4195388915137843	6.156032498888866	3.636914580355878	4.181897643108388	3.111031312388744	4.377817853083645	NA	NA	NA	NA	NA	NA	NA	NA	NA	NA	NA	NA	NA	NA	NA	NA	NA	NA	NA	NA	NA	NA	NA	NA	NA	NA	NA	NA	NA	NA	NA	NA	NA	NA	NA	NA	NA	NA	NA	NA	NA	NA	NA	NA	NA	NA	NA	NA	NA	NA	NA	NA	BS_D5MT05YK	0.899	1.875780063068488
PT_VAJN5QP8_7316-2176_Solid Tissue_Initial CNS Tumor	2.319039815562536	2.3868109464722167	3.6870606883398924	1.8155754288625725	2.27500704749987	4.414812060565847	1.6276068381296498	4.682573297347578	3.0107798387532427	3.9136075118230993	5.018367115543116	5.4950555283680185	3.552131108253784	5.4741115139424075	5.047014819517589	3.344828496997441	3.538538163629804	4.951867504326902	-0.6616460975970305	-0.5005469839086664	-0.14546522301897807	0.03029283189407858	-0.28399399337234393	-0.3360444408949852	-0.7462365996546044	-0.26667665053299666	1.0872541342478141	0.47612458366378524	-0.8770538278424844	1.0714737127743894	-1.0801437988305684	-1.0287135874553903	1.341486788538937	-1.1649403012976272	-1.5734538757099168	-1.4575229242494634	-1.5566333522446307	-1.2862810338484538	-0.11473110572849222	-2.1386700091158883	-1.712199829583942	-1.0186688264065384	-1.8828937201159504	-1.637583203502032	-1.3855096679516217	-0.03062320715791586	0.4364597302743698	0.14548023157758797	-0.8384318761547289	-0.4387987126191436	-0.6310562844396357	-0.27909455503295383	-0.6231493037514398	0.4930835189628045	-2.235631873280707	-1.436735481591049	-1.9618167578652759	-0.6450980123739819	-0.6763952071093402	-1.6415224420166064	-0.890935273949327	-1.7792676825717648	-0.610765758070639	-2.116014464187594	-1.0310000660033618	-0.8383893088897638	-1.0226557489030965	-0.09743585766328883	-1.8824696490594441	-0.0514627416423927	BS_0C7VZC0A	0.8540000000000001	0.6040713236688608
PT_VCD0W8HG_7316-2756_Solid Tissue_Initial CNS Tumor	3.840966704487421	3.1984941536390834	3.779259720372376	1.9068905956085185	1.6870606883398924	4.254745197629213	-0.9714308478032291	4.356848079236522	3.533563348214512	4.283921772307617	4.740387932468353	5.242983516109694	4.265286857565172	5.3885339790917985	4.314696525656286	3.951401291674311	2.9145645234939397	5.343407822297814	NA	NA	NA	NA	NA	NA	NA	NA	NA	NA	NA	NA	NA	NA	NA	NA	NA	NA	NA	NA	NA	NA	NA	NA	NA	NA	NA	NA	NA	NA	NA	NA	NA	NA	NA	NA	NA	NA	NA	NA	NA	NA	NA	NA	NA	NA	NA	NA	NA	NA	NA	NA	BS_MWWZBQ60	0.949	2.877744249949002
PT_VVCN8DXT_7316-71_Solid Tissue_Initial CNS Tumor	3.807354922057604	2.720278465233327	2.9049657186840263	2.873813198359087	2.560714954474479	4.621172752683435	-0.4344028241457749	5.166715444966422	4.0925457415435655	4.74416109557041	5.056149961108142	5.504620392403552	3.2883585621936606	5.734438666137167	4.292045492492862	4.286881147788161	2.811471030529836	4.402585758232587	NA	NA	NA	NA	NA	NA	NA	NA	NA	NA	NA	NA	NA	NA	NA	NA	NA	NA	NA	NA	NA	NA	NA	NA	NA	NA	NA	NA	NA	NA	NA	NA	NA	NA	NA	NA	NA	NA	NA	NA	NA	NA	NA	NA	NA	NA	NA	NA	NA	NA	NA	NA	BS_X4X1SFSE	0.72	1.1243281350022019
PT_VWZZTK38_7316-1844_Solid Tissue_Initial CNS Tumor	3.372952097911829	1	2.7420062108667365	1.189033824390017	1.8953026213333068	3.82273014794452	-2.2515387669959646	4.220329954879555	3.595742339474399	3.6644828403646827	4.280956313831056	4.7824085649273735	3.04788732939655	4.808899839257769	3.6158870739160567	3.6712933724815757	2.715893370547605	4.485426827170242	1.3469234121085234	0.608796032170749	0.6276581838950982	0.3719682270998016	0.09570025538067128	-0.10573600460970793	-0.03609656704230032	1.00817500171765	0.4534760080846254	0.07366598758966643	1.4023034562578658	0.25447422671593894	1.5220994545050754	1.7785391954289544	1.2634516039088117	0.23202086331246116	1.2511428270934404	-0.21891959757856752	0.4467280372453635	0.23253941209534207	-1.3351836579110223	0.7748033996002955	0.7170035925639944	-1.0845236100725912	0.5626052007201138	0.4066345252010037	0.6328611518479161	-0.6772420261865888	0.3047161788110562	0.937135401444093	0.4086814787374703	-0.25757864563161603	-0.5676247337244807	-0.8591260390417369	-0.4050486935008984	-0.3933058093598874	1.1005207175783382	0.9804136416792879	-1.306931982185984	-0.5526191459506784	-0.4778084025766397	1.3866405587270723	0.5657200900460859	0.7506829880063034	0.6704367659674175	0.4805313704387095	1.4116664511975268	-0.10702227136250055	1.6351472182278797	1.3883878925288007	1.8030405253066164	1.147555181040488	BS_TXZ7KHTQ	0.7120000000000001	1.422233000683048
PT_WMWFCG6J_7316-8038_Solid Tissue_Initial CNS Tumor	5.360013042204331	3.6803243568440163	4.4276061727819	3.636914580355878	3.2016338611696504	4.865423978313134	0.5260688116675876	5.389910925071665	4.915042791371977	5.095080491901415	5.527007760637202	5.204766750654613	4.221103725367875	5.711770203863191	5.117695042669754	4.315421315945778	3.0338634518662837	5.5219929564016725	NA	NA	NA	NA	NA	NA	NA	NA	NA	NA	NA	NA	NA	NA	NA	NA	NA	NA	NA	NA	NA	NA	NA	NA	NA	NA	NA	NA	NA	NA	NA	NA	NA	NA	NA	NA	NA	NA	NA	NA	NA	NA	NA	NA	NA	NA	NA	NA	NA	NA	NA	NA	BS_WQ1YRTAT	0.8420000000000001	2.4489009511451276
PT_X5SGG610_7316UP-1104_Solid Tissue_Primary Tumor	5.417515002885087	4.9565213633331195	4.2645364309990255	4.183486514459391	3.888499735514123	5.7051485282530185	-2.0588936890535687	6.056149961108142	5.41006969175638	5.400537929583729	5.896029602976752	5.726013748860151	4.594548549550354	6.1174872663259245	5.465648025982281	4.833902076669164	4.110196177754199	5.614709844115208	0.3479824562913282	0.6571790599554239	1.2640886335959993	1.0453727153261754	0.5479768162826356	2.1031161000684	0.8414000663035778	1.2824282505086977	1.7754237872205219	0.4356856552691504	1.722964228329938	0.0691390584961037	1.5534259841008928	0.3568514390663381	-0.6764220946749216	0.6075688057019789	1.7923027508112597	0.5589745143098	0.5992976356711993	0.9234610548480946	0.24980085268784535	0.686088304456139	1.9593272851119758	2.1953631684144015	-0.07811558531028906	-1.0225241919409893	1.001761795010705	0.5963659712849518	-0.44426853453359716	-0.5836432029599118	-0.37420217629861696	-0.5836525939885677	-1.345250917424647	-0.755736263401926	-0.26736298177121315	0.8199138151106976	1.77408267833828	2.0810275730856613	1.2879844543723995	-0.7381515231395629	0.8152439039877619	0.9832858592113138	0.5880290756869719	1.342793277343634	1.4597093211877803	1.6416930806697607	0.9462376402562553	0.7710868751164687	0.521909823046765	1.753064260339628	1.823699630835035	0.6411398835162228	BS_8E8JKP01	0.487	1.7355221772965375
PT_XMYN334C_7316UP-3705_Solid Tissue_Primary Tumor	3.9088129077395473	3.282439805006387	3.8429788317883253	3.3757345385831563	2.8011586560936985	4.685940148445977	0.9560566524124029	4.991861930556323	3.3909427728025427	4.451540833017832	4.818134760810847	5.246027980528104	2.698218478224414	6.311612098185097	4.814037647539975	4.305240965954483	2.8379432418910273	4.495695162624068	NA	NA	NA	NA	NA	NA	NA	NA	NA	NA	NA	NA	NA	NA	NA	NA	NA	NA	NA	NA	NA	NA	NA	NA	NA	NA	NA	NA	NA	NA	NA	NA	NA	NA	NA	NA	NA	NA	NA	NA	NA	NA	NA	NA	NA	NA	NA	NA	NA	NA	NA	NA	BS_0Y1BP5A4	0.451	0.27500704749986976
PT_Y5KY6KN9_7316-195_Solid Tissue_Initial CNS Tumor	3.1969217338203295	3.250961573533219	3.4462562298895643	2.350497247084133	3.0738202332916713	4.345538310070007	-2.0588936890535687	5.292045492492862	4.356848079236522	4.510329019490572	5.538227739736	6.123086750981061	4.44028782084042	5.890203466675639	5.154615611326894	4.516645557780962	3.5533605033353277	6.1965283609369415	-0.42114247445565567	-0.30432824708778083	0.43646776295138895	0.411048945661336	0.7035673013020471	0.07040456614013772	0.4438999300821336	0.05509885397145122	-0.5255503311536253	0.3677213473749345	1.0309678884904798	-0.6623600421035308	1.45322928842928	0.06972940602789637	-1.618070821801313	1.3442982724530619	0.3864452730674043	0.9250597784368982	1.0477558203276325	1.4035641001942392	0.4996683368816517	0.45048082371894677	1.5371531843107993	0.4753657354007736	-0.4052623039029649	0.031652870529394056	-0.12924206793103632	-0.1762828159812309	1.2330813910604155	0.33849315412056524	0.7677950097331756	1.631733644710857	1.7110318052226956	0.6764428752986988	1.0741527322553515	-0.8956510011407803	0.8194607559465479	1.8341204312336996	0.20486072375230366	1.322656394920871	0.13904362657144115	0.5653839739196947	1.0847270977628347	0.23823887668827617	0.14725229140942772	0.5651668092602179	-0.8266801944525147	0.035495312217405615	1.2687251489213356	1.652870404464497	0.2562266017608442	0.9290829517851513	BS_4QW2S1Q8	0.856	1.7949356628035362
PT_Y660CKCB_7316-3122_Solid Tissue_Initial CNS Tumor	4.14649230697719	3.73768676140986	2.811471030529836	2.636914580355878	3.0738202332916713	3.7990873060740036	0.27500704749986976	4.489928219405183	4.2660368939953175	5.002702520379824	5.052676724303575	5.3377110921282895	3.9990980337056072	4.863442934348041	4.795974694206668	4.187451054027326	2.5777309314900805	5.539158811108031	NA	NA	NA	NA	NA	NA	NA	NA	NA	NA	NA	NA	NA	NA	NA	NA	NA	NA	NA	NA	NA	NA	NA	NA	NA	NA	NA	NA	NA	NA	NA	NA	NA	NA	NA	NA	NA	NA	NA	NA	NA	NA	NA	NA	NA	NA	NA	NA	NA	NA	NA	NA	BS_XG0DBWVT	0.89	2.263034405833794
PT_YRNATR8Q_7316-8039_Solid Tissue_Initial CNS Tumor	4.116863757690899	4.076388068512841	4.507160349117523	3.127633279725874	2.944858445807539	4.875780063068488	1.7311832415722	5.464668267003444	4.7692427951405385	5.595742339474399	5.675533686225485	6.572889668420581	4.370861740085285	6.427941332509482	5.69181329717138	4.964398632203184	4.050501697446727	5.844486087757799	NA	NA	NA	NA	NA	NA	NA	NA	NA	NA	NA	NA	NA	NA	NA	NA	NA	NA	NA	NA	NA	NA	NA	NA	NA	NA	NA	NA	NA	NA	NA	NA	NA	NA	NA	NA	NA	NA	NA	NA	NA	NA	NA	NA	NA	NA	NA	NA	NA	NA	NA	NA	BS_J9CBGP57	0.812	2.1667154449664223
PT_Z4PJA6KT_7316-1763_Solid Tissue_Initial CNS Tumor	2.718087583960517	2.3950627995175777	2.967168607532628	0.3103401206121505	1.8196681834964554	3.656496370553495	-2.5563933485243853	4.824767853143293	3.679198570566922	3.9155209007519587	5.0955025176586695	5.57106999816771	4.015247773698937	5.177120502846516	4.521678951603199	3.963474123974886	2.3476656563009706	5.541328977045604	0.1616320648466255	-1.0064405710417905	1.5336429366480442	1.2029651012964733	0.9768544845426305	0.835091525394916	1.690147999189968	1.3067608521639562	0.9332027988672641	1.0486166312594618	1.5996220222361712	-0.5370146335886647	0.569884759909496	0.5078845834424067	-0.9250366150016288	0.7194920388727629	1.0635764701066248	0.4558575110651656	0.9497970049253397	0.732970134316506	0.1772342596137164	0.9934748093548803	-0.09513160251195832	0.17419330681442735	0.5484744935131228	0.4692090624453123	0.254576690007243	-0.05593856965811985	1.0442585904813846	0.5473835505094382	-0.2350004175105925	-0.7169685063374963	-0.7524834732888901	-1.5907577847198808	-1.1827673515497894	-0.9223302529175867	1.131680262192556	0.7701899499361036	-0.7150552680982432	-0.6623968424425538	0.9782510103130416	-0.575592125403409	-0.06817600649573516	-0.3452795736301673	-0.7471872032950203	1.2606367538832217	0.2678344403846023	0.35778369407566574	0.5710982527102938	1.6221944964568549	1.7295235263438185	2.1342227175167916	BS_6WP1FHTE	0.841	1.3504972470841332
PT_ZH3SBJPZ_7316-4215_Solid Tissue_Initial CNS Tumor	3.817623257511431	1.8196681834964554	2.408711861029429	2	2.3840498067951597	5.258895755075436	-2.395928676331139	4.530445354692906	3.37016428054021	3.576522137920503	4.408032466130653	4.460087240116833	2.867896463992655	4.707082991771706	3.5582676340557358	3.889473542531109	2.8972404255747994	4.836934011321092	-0.8533365104183326	0.8406227582909588	-0.7232337340656106	0.21841050871558157	-0.20645694183805685	-1.539423135483261	0.9272425450251905	-0.925293486672657	-0.5229621567539204	-1.078313202807378	-0.9104094579691353	-0.38245214325185156	0.20682198591961995	-0.44727180568076136	-0.27826845774869086	-2.296334863623581	-1.2448064276396615	-0.09508864547945438	-0.32603275015862343	-0.8416988550038459	0.008259156945827564	-0.6217293747524666	-1.6329662554185473	-1.5696972723264844	-0.6582933102313796	-1.448324512958539	-1.3526101877813486	-0.28019132557949256	0.03275665583938589	0.9259981242656916	-0.6472192720257028	-1.4526037363783793	-0.7177627383375598	-0.5540654062351276	-1.1091703727957565	1.6160050433665887	-1.1826669189832912	-1.1840384800433712	0.0015556972117012722	-0.6693012641103346	-1.5993495143071315	-1.3658893065585753	-0.8432720731171462	-0.6620628730015368	-1.2534985841241817	-1.425485584782836	-1.9606393591046374	-1.245299382778974	-0.8587597542033374	0.24324545627428454	1.0391481884118576	-0.15694704350890912	BS_PJ1T8CQR	0.7959999999999999	0.04264433740849372
PT_ZKQTJ7F7_7316-9560_Solid Tissue_Initial CNS Tumor	3.82273014794452	2.408711861029429	2.2809563138310565	0.9708536543404835	1.5704629310260412	3.263034405833794	-3.321928094887362	4.009884588931844	3.4515408330178317	4.013462259806563	3.773996325111173	4.0522419811811385	3.8639384504239715	5.050936965225225	2.7484612330040354	4.020591094773247	1.8559896973084806	4.895787316463311	NA	NA	NA	NA	NA	NA	NA	NA	NA	NA	NA	NA	NA	NA	NA	NA	NA	NA	NA	NA	NA	NA	NA	NA	NA	NA	NA	NA	NA	NA	NA	NA	NA	NA	NA	NA	NA	NA	NA	NA	NA	NA	NA	NA	NA	NA	NA	NA	NA	NA	NA	NA	BS_ENX83H9Z	0.599	0.5360529002402097
