SpliceID	Differential_freq	mean_dPSI	Uniprot	gene	Baseline_preference	Exon Coordinates	Average_TPM
AAK1:69480860-69480961_69465845-69466551_69495984-69496080	2	0.283769470404984	Modifications	AAK1	Inclusion	69480860-69480961	14.117647058823529
AAK1:69480860-69480961_69465845-69466551_69495984-69496080	2	0.477230529595016	Modifications	AAK1	Skipping	69480860-69480961	14.117647058823529
AAK1:69480860-69480961_69465845-69466551_69505568-69505673	2	0.137483535528596	Modifications	AAK1	Skipping	69480860-69480961	14.117647058823529
AATK:81123194-81123343_81120200-81122823_81124726-81124848	4	0.225496621621622	Domains	AATK	Inclusion	81123194-81123343	5.675735294117647
AATK:81126658-81126817_81126445-81126560_81127582-81127670	2	0.175391912908243	Domains	AATK	Skipping	81126658-81126817	5.675735294117647
ACVRL1:51913559-51913770_51913098-51913350_51914438-51914585	3	0.272601918465228	Modifications	ACVRL1	Inclusion	51913559-51913770	3.8877941176470587
ACVRL1:51913559-51913770_51913098-51913350_51914438-51914585	3	0.272601918465228	Domains	ACVRL1	Inclusion	51913559-51913770	3.8877941176470587
ACVRL1:51913974-51914073_51913558-51913770_51914438-51914585	2	0.164081775700935	Domains	ACVRL1	Inclusion	51913974-51914073	3.8877941176470587
ADCK1:77859076-77859279_77822434-77822518_77887090-77887249	4	0.108560216508796	Domains	ADCK1	Inclusion	77859076-77859279	3.1194117647058826
ADCK1:77887091-77887249_77859075-77859279_77899099-77899258	4	0.116212162162162	Domains	ADCK1	Inclusion	77887091-77887249	3.1194117647058826
ADCK1:77900559-77900674_77899099-77899258_77907802-77907919	6	0.172162310866575	Domains	ADCK1	Skipping	77900559-77900674	3.1194117647058826
ADCK1:77907803-77907919_77899099-77899258_77924456-77924575	4	0.148506775067751	Domains	ADCK1	Inclusion	77907803-77907919	3.1194117647058826
ADCK2:140681042-140681137_140679154-140679283_140686989-140687153	2	0.110903576982893	Domains	ADCK2	Inclusion	140681042-140681137	6.734705882352941
ADCK2:140686990-140687241_140681041-140681137_140689596-140689725	2	0.140357910906299	Domains	ADCK2	Inclusion	140686990-140687241	6.734705882352941
AURKB:8207738-8207901_8207570-8207625_8210176-8210254	2	0.100866666666667	Modifications	AURKB	Inclusion	8207738-8207901	8.680294117647058
AURKC:57233460-57233608_57232541-57232685_57234883-57235058	3	0.115630695443645	Domains	AURKC	Inclusion	57233460-57233608	0.8829411764705882
BCKDK:31110688-31110761_31110400-31110499_31111090-31111219	4	0.103352393617022	Modifications	BCKDK	Inclusion	31110688-31110761	11.913529411764706
BCKDK:31110688-31110761_31110400-31110499_31111090-31111219	4	0.103352393617022	Domains	BCKDK	Inclusion	31110688-31110761	11.913529411764706
BMP2K:78847188-78847269_78844927-78845049_78850923-78851056	2	0.113656084656086	Domains	BMP2K	Inclusion	78847188-78847269	11.731911764705883
BMPR1B:95114720-95114827_95104407-95104567_95115684-95115787	2	0.121886597938145	Domains	BMPR1B	Inclusion	95114720-95114827	11.08014705882353
BMPR1B:95114720-95114827_95104407-95104567_95115684-95115787	2	0.121886597938145	Disulfide Bond	BMPR1B	Inclusion	95114720-95114827	11.08014705882353
BRSK2:1444971-1445002_1443488-1443635_1445293-1445458	4	0.275684451219512	Domains	BRSK2	Inclusion	1444971-1445002	10.530588235294118
BRSK2:1449776-1449836_1445756-1445907_1450586-1450794	2	0.104181818181818	Modifications	BRSK2	Inclusion	1449776-1449836	10.530588235294118
CAMK1:9765759-9765890_9763138-9763213_9767666-9767781	6	0.128025299600533	Domains	CAMK1	Inclusion	9765759-9765890	7.350882352941176
CAMK2A:150228192-150228286_150222959-150223217_150231304-150231380	6	0.103458891013385	Domains	CAMK2A	Inclusion	150228192-150228286	2.6613235294117645
CAMK2A:150228192-150228286_150222959-150223217_150238699-150238748	6	0.21613488372093	Domains	CAMK2A	Inclusion	150228192-150228286	2.6613235294117645
CAMK2A:150231305-150231380_150222988-150223217_150238699-150238748	5	0.192672727272727	Domains	CAMK2A	Inclusion	150231305-150231380	2.6613235294117645
CAMK2A:150231305-150231380_150228191-150228286_150238699-150238748	4	0.170125475285172	Domains	CAMK2A	Inclusion	150231305-150231380	2.6613235294117645
CAMK2A:150250688-150250810_150248703-150250309_150251749-150251844	5	0.11999086757991	Modifications	CAMK2A	Inclusion	150250688-150250810	2.6613235294117645
CAMK2A:150250688-150250810_150248703-150250309_150251749-150251844	5	0.11999086757991	Domains	CAMK2A	Inclusion	150250688-150250810	2.6613235294117645
CAMK2A:150253444-150253546_150251981-150252065_150256572-150256645	4	0.117932098765433	Domains	CAMK2A	Inclusion	150253444-150253546	2.6613235294117645
CAMK2G:73847988-73848082_73847224-73847347_73848525-73848609	2	0.17178527607362	Domains	CAMK2G	Inclusion	73847988-73848082	13.435
CAMK2G:73852254-73852319_73849260-73849333_73860829-73860854	7	0.102374474053296	Domains	CAMK2G	Inclusion	73852254-73852319	13.435
CAMK2G:73853192-73853246_73852253-73852319_73860829-73860854	3	0.12294950911641	Domains	CAMK2G	Inclusion	73853192-73853246	13.435
CAMK4:111374850-111374912_111344023-111344102_111394709-111394782	6	0.184243852459017	Domains	CAMK4	Inclusion	111374850-111374912	3.526764705882353
CAMK4:111376860-111376942_111374849-111374912_111394709-111394749	2	0.116632933104631	Domains	CAMK4	Inclusion	111376860-111376942	3.526764705882353
CDC42BPA:227219263-227219420_227213135-227213219_227254063-227254155	3	0.315557486631016	Domains	CDC42BPA	Skipping	227219263-227219420	19.033382352941178
CDC42BPA:227219263-227219420_227213135-227213219_227317004-227318492	3	0.228846846846847	Domains	CDC42BPA	Inclusion	227219263-227219420	19.033382352941178
CDC42BPB:103012097-103012188_103003927-103004023_103056998-103057549	2	0.124254335260116	Domains	CDC42BPB	Inclusion	103012097-103012188	25.906029411764706
CDC7:91513948-91514043_91513057-91513307_91514818-91514997	2	0.2731125	Domains	CDC7	Inclusion	91513948-91514043	5.086323529411764
CDC7:91520130-91520279_91515793-91515876_91524040-91525764	3	0.100215596330275	Domains	CDC7	Inclusion	91520130-91520279	5.086323529411764
CDK10:89687449-89687548_89686679-89686759_89689251-89689324	2	0.109933438985737	Domains	CDK10	Skipping	89687449-89687548	18.39735294117647
CDK10:89687589-89687815_89686669-89686759_89689251-89689324	4	0.299544797687861	Domains	CDK10	Skipping	89687589-89687815	18.39735294117647
CDK10:89687589-89687815_89686669-89686759_89690552-89690624	3	0.357640973630832	Domains	CDK10	Skipping	89687589-89687815	18.39735294117647
CDK10:89687589-89687815_89686683-89686797_89689251-89689324	6	0.191968918918919	Domains	CDK10	Skipping	89687589-89687815	18.39735294117647
CDK10:89687589-89687815_89686683-89686797_89690552-89690624	6	0.152653478854024	Domains	CDK10	Skipping	89687589-89687815	18.39735294117647
CDK10:89689252-89689306_89686691-89686759_89690552-89690624	3	0.546384615384616	Domains	CDK10	Inclusion	89689252-89689306	18.39735294117647
CDK10:89689252-89689306_89686691-89686759_89690552-89690624	3	0.364615384615384	Domains	CDK10	Skipping	89689252-89689306	18.39735294117647
CDK10:89689252-89689324_89686688-89686797_89690552-89690557	5	0.330162450066577	Domains	CDK10	Inclusion	89689252-89689324	18.39735294117647
CDK10:89689252-89689324_89686688-89686797_89690552-89690557	5	0.325837549933423	Domains	CDK10	Skipping	89689252-89689324	18.39735294117647
CDK10:89689252-89689324_89686950-89687334_89690552-89690557	2	0.24659375	Domains	CDK10	Inclusion	89689252-89689324	18.39735294117647
CDK10:89689252-89689324_89687588-89687815_89690552-89690557	3	0.234944818304171	Domains	CDK10	Inclusion	89689252-89689324	18.39735294117647
CDK10:89693398-89693467_89693273-89693326_89694172-89694232	6	0.126575384615384	Modifications	CDK10	Inclusion	89693398-89693467	18.39735294117647
CDK10:89693398-89693467_89693273-89693326_89694172-89694232	6	0.126575384615384	Domains	CDK10	Inclusion	89693398-89693467	18.39735294117647
CDK19:110626776-110626845_110623289-110623362_110627001-110627145	2	0.115541860465116	Domains	CDK19	Inclusion	110626776-110626845	9.651176470588235
CDK19:110626776-110626845_110623289-110623362_110627001-110627145	2	0.115541860465116	Domains	CDK19	Inclusion	110626776-110626845	9.651176470588235
CDK19:110746126-110746201_110670430-110670541_110815008-110815209	2	0.1275585106383	Domains	CDK19	Inclusion	110746126-110746201	9.651176470588235
CDK19:110746126-110746201_110670430-110670541_110815008-110815209	2	0.1275585106383	Domains	CDK19	Inclusion	110746126-110746201	9.651176470588235
CDK19:110773876-110773937_110746125-110746201_110815008-110815096	3	0.223208277703605	Domains	CDK19	Skipping	110773876-110773937	9.651176470588235
CDK19:110773876-110773937_110746125-110746201_110815008-110815096	3	0.223208277703605	Domains	CDK19	Skipping	110773876-110773937	9.651176470588235
CDK20:87969796-87969919_87969193-87969349_87970775-87970897	5	0.332610027855154	Domains	CDK20	Inclusion	87969796-87969919	4.679705882352941
CDK20:87970568-87970630_87969795-87969919_87970775-87970897	2	0.333135474860336	Domains	CDK20	Inclusion	87970568-87970630	4.679705882352941
CDK8:26382814-26382871_26353739-26353880_26385210-26385342	4	0.144838492597577	Domains	CDK8	Inclusion	26382814-26382871	5.108235294117647
CDK8:26393367-26393510_26385210-26385342_26396284-26396354	2	0.113907008086254	Domains	CDK8	Inclusion	26393367-26393510	5.108235294117647
CDKL1:50332262-50332432_50326264-50330181_50334564-50334621	10	0.276012244897959	Domains	CDKL1	Inclusion	50332262-50332432	3.0480882352941174
CDKL1:50332262-50332432_50326264-50330181_50334564-50334621	10	0.322987755102041	Domains	CDKL1	Skipping	50332262-50332432	3.0480882352941174
CDKL1:50334565-50334621_50330111-50330181_50338946-50339029	3	0.104772486772487	Domains	CDKL1	Inclusion	50334565-50334621	3.0480882352941174
CDKL3:134312292-134312380_134308573-134308727_134319357-134319497	4	0.368492882562278	Domains	CDKL3	Inclusion	134312292-134312380	2.213970588235294
CDKL3:134312292-134312380_134308573-134308727_134319357-134319497	4	0.376507117437722	Domains	CDKL3	Skipping	134312292-134312380	2.213970588235294
CDKL3:134319358-134319497_134308000-134308466_134321790-134321903	3	0.115121272365805	Domains	CDKL3	Inclusion	134319358-134319497	2.213970588235294
CDKL3:134319358-134319497_134312291-134312380_134321790-134321903	4	0.151382252559726	Domains	CDKL3	Inclusion	134319358-134319497	2.213970588235294
CDKL3:134350249-134350427_134321790-134321903_134359896-134360091	2	0.292253012048193	Modifications	CDKL3	Inclusion	134350249-134350427	2.213970588235294
CDKL3:134350249-134350427_134321790-134321903_134359896-134360091	2	0.292253012048193	Domains	CDKL3	Inclusion	134350249-134350427	2.213970588235294
CDKL3:134359897-134360091_134350248-134350427_134370997-134371041	3	0.447375	Domains	CDKL3	Skipping	134359897-134360091	2.213970588235294
CDKL4:39225839-39225960_39213399-39213472_39229364-39229588	2	0.121509394572025	Domains	CDKL4	Inclusion	39225839-39225960	0.4163235294117647
CIT:119803206-119803389_119784188-119785065_119822819-119822973	2	0.186155015197569	Domains	CIT	Inclusion	119803206-119803389	14.836323529411764
CLK1:200860125-200860215_200859679-200859746_200861237-200861466	7	0.292794940079894	Modifications	CLK1	Inclusion	200860125-200860215	25.00955882352941
CLK2:155266729-155266895_155264644-155264774_155268009-155268126	2	0.110542857142857	Domains	CLK2	Inclusion	155266729-155266895	16.64794117647059
CLK2:155268708-155268792_155268292-155268359_155269487-155269713	8	0.196278666666667	Modifications	CLK2	Inclusion	155268708-155268792	16.64794117647059
CLK2:155268708-155268795_155268292-155268359_155269487-155269713	13	0.161072000000001	Modifications	CLK2	Inclusion	155268708-155268795	16.64794117647059
CLK3:74622120-74622216_74619966-74620225_74622493-74622560	6	0.114722074468086	Modifications	CLK3	Inclusion	74622120-74622216	14.622205882352942
CLK3:74622120-74622216_74619966-74620225_74622493-74622560	6	0.114722074468086	Domains	CLK3	Inclusion	74622120-74622216	14.622205882352942
CLK4:178608376-178608458_178605302-178605382_178612415-178612545	5	0.101491978609626	Domains	CLK4	Inclusion	178608376-178608458	9.77985294117647
CLK4:178617344-178617434_178616881-178616948_178618555-178618778	3	0.442373831775701	Modifications	CLK4	Inclusion	178617344-178617434	9.77985294117647
COQ8B:40703715-40703855_40703368-40703622_40705095-40705174	4	0.110873164218959	Domains	COQ8B	Inclusion	40703715-40703855	10.941764705882353
COQ8B:40705096-40705447_40703540-40703622_40710058-40710136	3	0.104122830440588	Domains	COQ8B	Inclusion	40705096-40705447	10.941764705882353
CSNK1G1:64188375-64188485_64181175-64181430_64203081-64203189	3	0.182430508474577	Domains	CSNK1G1	Inclusion	64188375-64188485	6.4275
CSNK1G1:64259201-64259241_64251438-64251581_64300318-64300467	5	0.144321285140562	Domains	CSNK1G1	Inclusion	64259201-64259241	6.4275
CSNK1G3:123553107-123553147_123512259-123512570_123557494-123557564	4	0.176104519774012	Domains	CSNK1G3	Inclusion	123553107-123553147	11.327058823529411
CSNK1G3:123604724-123604830_123595038-123595134_123614341-123615017	2	0.128763636363636	Modifications	CSNK1G3	Inclusion	123604724-123604830	11.327058823529411
CSNK1G3:123604724-123604830_123595038-123595134_123614341-123615017	2	0.128763636363636	Domains	CSNK1G3	Inclusion	123604724-123604830	11.327058823529411
CSNK2A2:58174451-58174510_58168609-58168693_58196732-58196844	4	0.111145454545456	Domains	CSNK2A2	Inclusion	58174451-58174510	14.558088235294118
DCLK3:36718010-36718177_36712420-36715521_36721526-36721659	2	0.239032967032967	Domains	DCLK3	Inclusion	36718010-36718177	0.14838235294117647
DGKA:55936423-55936567_55932027-55932255_55937016-55937030	2	0.224485714285714	Domains	DGKA	Inclusion	55936423-55936567	8.404117647058824
DGKA:55938511-55938560_55937977-55938052_55938914-55938957	2	0.101924760601915	Domains	DGKA	Inclusion	55938511-55938560	8.404117647058824
DGKA:55938638-55938698_55937977-55938052_55938914-55938942	2	0.347285714285715	Domains	DGKA	Inclusion	55938638-55938698	8.404117647058824
DGKA:55940082-55940168_55939414-55939529_55940313-55940433	4	0.225889570552148	Domains	DGKA	Inclusion	55940082-55940168	8.404117647058824
DGKA:55940082-55940170_55939414-55939529_55940313-55940433	5	0.117747599451304	Domains	DGKA	Inclusion	55940082-55940170	8.404117647058824
DGKA:55943297-55943420_55942173-55942263_55951622-55952099	4	0.106822314049587	Domains	DGKA	Skipping	55943297-55943420	8.404117647058824
DGKB:14607434-14607508_14583051-14583137_14613339-14613413	4	0.107219638242893	Domains	DGKB	Inclusion	14607434-14607508	5.096029411764706
DGKB:14701681-14701730_14698094-14698169_14718541-14718685	6	0.176165865384616	Domains	DGKB	Inclusion	14701681-14701730	5.096029411764706
DGKB:14736041-14736194_14718541-14718685_14757654-14757731	2	0.171915343915345	Domains	DGKB	Inclusion	14736041-14736194	5.096029411764706
DGKB:14753928-14753948_14718541-14718685_14757654-14757731	3	0.394361111111111	Domains	DGKB	Inclusion	14753928-14753948	5.096029411764706
DGKG:186261699-186261778_186257853-186257939_186265246-186265306	2	0.123358974358974	Domains	DGKG	Inclusion	186261699-186261778	9.504117647058823
DGKG:186284660-186284709_186280669-186280744_186288709-186288880	4	0.101561702127661	Domains	DGKG	Inclusion	186284660-186284709	9.504117647058823
DMPK:45777342-45777559_45774948-45775034_45777666-45777873	2	0.206624365482234	Domains	DMPK	Inclusion	45777342-45777559	18.939852941176472
DSTYK:205148205-205148339_205142504-205147745_205150679-205150794	4	0.167792553191489	Domains	DSTYK	Inclusion	205148205-205148339	5.255588235294118
DSTYK:205150680-205150794_205148204-205148339_205157272-205157386	2	0.109034682080925	Domains	DSTYK	Inclusion	205150680-205150794	5.255588235294118
DYRK2:67649797-67649945_67648744-67649182_67657105-67665406	7	0.164715046604527	Modifications	DYRK2	Inclusion	67649797-67649945	7.728088235294117
DYRK2:67649797-67649945_67648744-67649182_67657105-67665406	7	0.182284953395473	Modifications	DYRK2	Skipping	67649797-67649945	7.728088235294117
DYRK4:4607327-4607387_4604913-4605086_4610154-4610284	4	0.281930388219545	Domains	DYRK4	Inclusion	4607327-4607387	12.805294117647058
DYRK4:4607327-4607387_4604913-4605086_4610154-4610284	4	0.307069611780455	Domains	DYRK4	Skipping	4607327-4607387	12.805294117647058
EEF2K:22257643-22257770_22257252-22257385_22258493-22258695	10	0.127336231884058	Domains	EEF2K	Inclusion	22257643-22257770	8.158529411764706
EEF2K:22264818-22264880_22263109-22263187_22266389-22266524	2	0.125598108747045	Modifications	EEF2K	Inclusion	22264818-22264880	8.158529411764706
EPHA10:37722006-37722296_37721659-37721845_37723040-37723166	2	0.198101694915254	Domains	EPHA10	Skipping	37722006-37722296	0.5070588235294118
EPHA5:65490377-65490712_65420440-65420565_65495387-65495543	3	0.172024305555556	Domains	EPHA5	Inclusion	65490377-65490712	3.246176470588235
ERN1:64049055-64049202_64047857-64047985_64052779-64052979	2	0.103757575757576	Domains	ERN1	Inclusion	64049055-64049202	2.647794117647059
FASTK:151076913-151077027_151076623-151076832_151077309-151077401	5	0.124504347826087	Domains	FASTK	Inclusion	151076913-151077027	15.899411764705883
FASTK:151076913-151077236_151076625-151076832_151077309-151077401	7	0.104505247376313	Domains	FASTK	Inclusion	151076913-151077236	15.899411764705883
FCSK:70465030-70465176_70463622-70463774_70466131-70466257	2	0.130691884456671	Domains	FCSK	Inclusion	70465030-70465176	4.6875
FCSK:70476187-70476334_70475647-70475767_70478271-70478459	8	0.135206128133705	Domains	FCSK	Skipping	70476187-70476334	4.6875
FER:108954729-108954932_108946129-108946222_108959224-108959347	2	0.155852988691439	Domains	FER	Inclusion	108954729-108954932	7.168382352941176
FPGT-TNNI3K:74204391-74204456_74201317-74201410_74236101-74236210	4	0.414704941860465	Domains	TNNI3K	Inclusion	74204391-74204456	0.7708823529411765
FPGT-TNNI3K:74236102-74236210_74201317-74201410_74249458-74249544	2	0.165788732394366	Domains	TNNI3K	Inclusion	74236102-74236210	0.7708823529411765
GALK1:75763014-75763149_75762703-75762885_75763319-75763439	2	0.152548701298702	Domains	GALK1	Inclusion	75763014-75763149	6.459264705882353
GALK1:75763014-75763181_75762703-75762885_75763319-75763439	2	0.195950980392158	Domains	GALK1	Inclusion	75763014-75763181	6.459264705882353
GALK2:49281987-49282085_49239219-49239367_49283565-49283579	3	0.117606382978723	Domains	GALK2	Inclusion	49281987-49282085	8.531029411764706
GALK2:49327952-49328130_49319603-49319805_49367490-49367697	3	0.101268716577541	Domains	GALK2	Inclusion	49327952-49328130	8.531029411764706
GRK3:25644592-25644665_25604376-25604453_25661575-25661677	3	0.21765512465374	Domains	GRK3	Inclusion	25644592-25644665	2.7201470588235295
GRK4:2988727-2988839_2963607-2964122_2992214-2992292	3	0.422195246179966	Domains	GRK4	Inclusion	2988727-2988839	6.177352941176471
GRK4:2988727-2988839_2963607-2964122_2992214-2992292	3	0.378804753820034	Domains	GRK4	Skipping	2988727-2988839	6.177352941176471
GRK4:2988727-2988839_2984512-2984608_2992214-2992292	3	0.221523676880223	Domains	GRK4	Inclusion	2988727-2988839	6.177352941176471
GRK4:3009648-3009711_3007735-3007828_3013687-3013828	4	0.224330745341615	Domains	GRK4	Inclusion	3009648-3009711	6.177352941176471
GRK4:3019641-3019831_3013687-3013828_3022413-3022451	2	0.174455909943715	Domains	GRK4	Inclusion	3019641-3019831	6.177352941176471
GRK4:3035386-3035523_3029200-3029409_3037373-3037511	4	0.314114192495922	Domains	GRK4	Inclusion	3035386-3035523	6.177352941176471
GRK5:119441999-119442088_119439730-119439768_119443543-119443752	2	0.133327313769753	Domains	GRK5	Inclusion	119441999-119442088	1.6580882352941178
GRK5:119441999-119442088_119439730-119439768_119443543-119443752	2	0.133327313769753	Domains	GRK5	Inclusion	119441999-119442088	1.6580882352941178
GRK6:177433347-177433410_177433146-177433239_177433535-177433676	3	0.100722513089006	Domains	GRK6	Inclusion	177433347-177433410	6.332058823529412
GRK6:177433347-177433410_177433146-177433239_177433535-177433676	3	0.100722513089006	Domains	GRK6	Inclusion	177433347-177433410	6.332058823529412
HUNK:31940165-31940220_31924467-31924760_31946035-31946171	2	0.153591549295775	Domains	HUNK	Inclusion	31940165-31940220	4.3758823529411766
HUNK:31946036-31946171_31924467-31924760_31968249-31968334	2	0.212703703703704	Domains	HUNK	Inclusion	31946036-31946171	4.3758823529411766
HUNK:31958843-31958970_31946035-31946171_31968249-31968385	7	0.106632237871675	Domains	HUNK	Inclusion	31958843-31958970	4.3758823529411766
IKBKE:206473196-206473314_206471155-206471245_206474330-206474471	9	0.246416167664671	Domains	IKBKE	Inclusion	206473196-206473314	1.2714705882352941
IRAK1:154013043-154013343_154012528-154012678_154014041-154014278	4	0.112689333333334	Modifications	IRAK1	Inclusion	154013043-154013343	19.096323529411766
IRAK1:154013043-154013343_154012528-154012678_154014041-154014278	4	0.112689333333334	Domains	IRAK1	Inclusion	154013043-154013343	19.096323529411766
IRAK1:154013043-154013433_154011730-154011917_154016031-154016097	2	0.384258503401361	Modifications	IRAK1	Inclusion	154013043-154013433	19.096323529411766
IRAK1:154013043-154013433_154011730-154011917_154016031-154016097	2	0.384258503401361	Domains	IRAK1	Inclusion	154013043-154013433	19.096323529411766
IRAK3:66203711-66203893_66189213-66189432_66209455-66209520	2	0.196159317211948	Domains	IRAK3	Inclusion	66203711-66203893	1.8702941176470589
IRAK4:43771220-43771365_43768102-43768272_43772179-43772362	2	0.454257746478873	Domains	IRAK4	Skipping	43771220-43771365	3.4970588235294118
LIMK2:31225720-31225819_31212238-31212424_31258290-31258426	2	0.160182910547396	Domains	LIMK2	Inclusion	31225720-31225819	9.488676470588235
LRRK1:101048494-101048657_101045980-101046152_101049643-101049783	5	0.108970760233918	Modifications	LRRK1	Inclusion	101048494-101048657	2.0922058823529412
LRRK2:40238047-40238103_40235625-40235714_40240482-40240617	2	0.129942028985507	Domains	LRRK2	Inclusion	40238047-40238103	9.495441176470589
LRRK2:40257248-40257377_40252909-40253016_40259479-40259604	5	0.108964234620888	Domains	LRRK2	Inclusion	40257248-40257377	9.495441176470589
LRRK2:40259480-40259604_40252964-40253016_40263788-40263901	3	0.156921011058452	Domains	LRRK2	Inclusion	40259480-40259604	9.495441176470589
LRRK2:40313972-40314173_40310430-40310649_40315211-40315300	7	0.156776077885952	Domains	LRRK2	Inclusion	40313972-40314173	9.495441176470589
LRRK2:40316278-40316403_40315211-40315300_40319987-40320175	5	0.119693374422188	Domains	LRRK2	Skipping	40316278-40316403	9.495441176470589
LRRK2:40319988-40320175_40315211-40315300_40321033-40321188	11	0.125633286318759	Domains	LRRK2	Inclusion	40319988-40320175	9.495441176470589
LRRK2:40340294-40340454_40334966-40335157_40346752-40346923	3	0.101344927536233	Domains	LRRK2	Inclusion	40340294-40340454	9.495441176470589
LRRK2:40367006-40367059_40364841-40365050_40367643-40368879	3	0.210747440273037	Domains	LRRK2	Inclusion	40367006-40367059	9.495441176470589
LRRK2:40367006-40367077_40364841-40365050_40367643-40368330	2	0.138424418604651	Domains	LRRK2	Inclusion	40367006-40367077	9.495441176470589
LRRK2:40367010-40367077_40364841-40365050_40367643-40368330	3	0.138019264448336	Domains	LRRK2	Inclusion	40367010-40367077	9.495441176470589
MAP3K20:173090998-173091190_173075841-173076002_173169804-173169892	2	0.13249533954727	Modifications	MAP3K20	Inclusion	173090998-173091190	6.640735294117647
MAP3K20:173090998-173091190_173075841-173076002_173169804-173169892	2	0.13249533954727	Domains	MAP3K20	Inclusion	173090998-173091190	6.640735294117647
MAP3K3:63692242-63692419_63691732-63691862_63693548-63693874	4	0.10055900621118	Domains	MAP3K3	Inclusion	63692242-63692419	6.225441176470588
MAP3K5:136622848-136622981_136614158-136614286_136637324-136637406	2	0.152219931271479	Domains	MAP3K5	Inclusion	136622848-136622981	4.665441176470588
MAP4K5:50531942-50532158_50504799-50504857_50542498-50542584	2	0.103883720930233	Domains	MAP4K5	Inclusion	50531942-50532158	14.138676470588235
MAPK15:143720230-143720287_143719342-143719482_143720702-143720840	2	0.172627906976744	Domains	MAPK15	Inclusion	143720230-143720287	3.4154411764705883
MAPKAPK5:111867572-111867669_111866155-111866231_111868752-111868861	2	0.100607871720117	Domains	MAPKAPK5	Inclusion	111867572-111867669	14.346029411764706
MAPKAPK5:111868753-111868861_111866155-111866231_111870270-111870360	3	0.109747292418773	Modifications	MAPKAPK5	Inclusion	111868753-111868861	14.346029411764706
MAPKAPK5:111868753-111868861_111866155-111866231_111870270-111870360	3	0.109747292418773	Domains	MAPKAPK5	Inclusion	111868753-111868861	14.346029411764706
MAPKAPK5:111868753-111868861_111867571-111867669_111870270-111870360	5	0.141738031914892	Modifications	MAPKAPK5	Inclusion	111868753-111868861	14.346029411764706
MAPKAPK5:111868753-111868861_111867571-111867669_111870270-111870360	5	0.141738031914892	Domains	MAPKAPK5	Inclusion	111868753-111868861	14.346029411764706
MAPKAPK5:111883581-111883768_111880446-111880527_111885915-111886036	3	0.10319581464873	Domains	MAPKAPK5	Inclusion	111883581-111883768	14.346029411764706
MARK1:220604067-220604137_220599797-220599863_220615938-220615995	5	0.110732804232804	Domains	MARK1	Inclusion	220604067-220604137	12.077941176470588
MARK1:220657790-220657834_220653097-220653352_220661811-220664358	8	0.196193055555556	Modifications	MARK1	Inclusion	220657790-220657834	12.077941176470588
MARK3:103386041-103386080_103385412-103385697_103405075-103405267	2	0.114747003994675	Domains	MARK3	Inclusion	103386041-103386080	32.54794117647059
MARK3:103438021-103438333_103428386-103428440_103451917-103451983	2	0.123389438943894	Domains	MARK3	Skipping	103438021-103438333	32.54794117647059
MARK3:103448919-103448967_103438024-103438333_103451917-103451983	2	0.164013966480447	Domains	MARK3	Inclusion	103448919-103448967	32.54794117647059
MARK3:103490952-103491107_103428386-103428440_103491776-103492034	3	0.290572755417956	Domains	MARK3	Inclusion	103490952-103491107	32.54794117647059
MARK3:103490952-103491107_103487290-103487707_103491776-103492034	5	0.504611111111111	Domains	MARK3	Inclusion	103490952-103491107	32.54794117647059
MARK3:103490978-103491107_103487378-103487707_103491776-103492034	6	0.371137142857142	Domains	MARK3	Inclusion	103490978-103491107	32.54794117647059
MAST2:46028768-46028933_46027730-46027863_46029465-46029567	2	0.10872521246459	Domains	MAST2	Inclusion	46028768-46028933	11.750294117647059
MASTL:27180953-27181066_27173117-27173259_27181479-27181581	2	0.162984722222221	Domains	MASTL	Inclusion	27180953-27181066	2.9755882352941176
MASTL:27181480-27181581_27173120-27173259_27186378-27186919	7	0.195797888386123	Domains	MASTL	Inclusion	27181480-27181581	2.9755882352941176
MELK:36594628-36594771_36589535-36589652_36597221-36597290	4	0.239608786610879	Domains	MELK	Inclusion	36594628-36594771	5.180588235294118
MELK:36594628-36594771_36589535-36589652_36599393-36599486	2	0.259481481481482	Domains	MELK	Inclusion	36594628-36594771	5.180588235294118
MELK:36597222-36597290_36589535-36589652_36599393-36599486	4	0.128313315926893	Domains	MELK	Inclusion	36597222-36597290	5.180588235294118
MKNK1:46560234-46560277_46557406-46558800_46561477-46561642	6	0.246993315508022	Modifications	MKNK1	Inclusion	46560234-46560277	8.997058823529413
MKNK1:46560234-46560277_46557406-46558800_46561477-46561642	6	0.299006684491978	Modifications	MKNK1	Skipping	46560234-46560277	8.997058823529413
MKNK1:46574947-46575020_46572062-46572167_46576574-46576654	2	0.144240320427236	Domains	MKNK1	Inclusion	46574947-46575020	8.997058823529413
MKNK1:46580530-46580627_46573733-46576654_46583227-46583329	4	0.100630173564753	Domains	MKNK1	Inclusion	46580530-46580627	8.997058823529413
MKNK1:46583228-46583329_46576574-46576654_46594112-46594231	2	0.109421364985164	Modifications	MKNK1	Inclusion	46583228-46583329	8.997058823529413
MKNK2:2039631-2039856_2037464-2037829_2040133-2040177	9	0.33973092369478	Modifications	MKNK2	Inclusion	2039631-2039856	17.07029411764706
MKNK2:2039631-2039856_2037464-2037829_2040133-2040177	9	0.33973092369478	Modifications	MKNK2	Inclusion	2039631-2039856	17.07029411764706
MKNK2:2039631-2039856_2037464-2037829_2040133-2040177	9	0.33973092369478	Domains	MKNK2	Inclusion	2039631-2039856	17.07029411764706
MKNK2:2039631-2039856_2037464-2037829_2040133-2040177	9	0.33973092369478	Domains	MKNK2	Inclusion	2039631-2039856	17.07029411764706
MLKL:74682651-74682786_74678898-74678980_74685485-74685583	3	0.167217105263157	Domains	MLKL	Inclusion	74682651-74682786	1.005294117647059
MOK:102232535-102232671_102226139-102226408_102233687-102233789	4	0.297435452793835	Domains	MOK	Inclusion	102232535-102232671	9.795882352941177
MOK:102232535-102232671_102229456-102229657_102233687-102233789	4	0.190068907563026	Domains	MOK	Inclusion	102232535-102232671	9.795882352941177
MOK:102232535-102232708_102225094-102226408_102233687-102233789	4	0.160746870653686	Domains	MOK	Inclusion	102232535-102232708	9.795882352941177
MOK:102232535-102232708_102229119-102229657_102233687-102233789	6	0.107613387978141	Domains	MOK	Inclusion	102232535-102232708	9.795882352941177
MOK:102251444-102251610_102250811-102250987_102251755-102251804	5	0.249778894472362	Domains	MOK	Skipping	102251444-102251610	9.795882352941177
MOK:102251756-102251804_102250811-102250987_102251916-102251995	5	0.180291925465838	Domains	MOK	Inclusion	102251756-102251804	9.795882352941177
MOK:102251756-102251804_102250811-102250990_102251916-102251995	4	0.242215859030837	Domains	MOK	Inclusion	102251756-102251804	9.795882352941177
MOK:102265823-102265912_102251916-102251995_102283477-102283592	2	0.365971291866029	Domains	MOK	Skipping	102265823-102265912	9.795882352941177
MTOR:11117004-11117086_11115395-11115468_11121245-11121368	4	0.124068814055638	Domains	MTOR	Inclusion	11117004-11117086	13.480735294117647
MVD:88660520-88660637_88658649-88658720_88663010-88663079	7	0.152733333333333	Domains	MVD	Skipping	88660520-88660637	12.964705882352941
MVD:88660748-88660841_88660519-88660637_88663010-88663148	2	0.329405537459282	Domains	MVD	Inclusion	88660748-88660841	12.964705882352941
MVD:88662712-88662907_88660747-88660841_88663010-88663046	2	0.24474025974026	Domains	MVD	Skipping	88662712-88662907	12.964705882352941
MVK:109579802-109579946_109575997-109576145_109581394-109581535	2	0.142855227882038	Domains	MVK	Inclusion	109579802-109579946	3.5126470588235295
MVK:109579802-109579946_109575997-109576145_109586021-109586125	6	0.208814016172507	Domains	MVK	Inclusion	109579802-109579946	3.5126470588235295
MVK:109581395-109581550_109575997-109576145_109586021-109586096	6	0.218168918918918	Domains	MVK	Inclusion	109581395-109581550	3.5126470588235295
MVK:109581395-109581550_109579801-109579946_109586021-109586096	10	0.15375834445928	Domains	MVK	Inclusion	109581395-109581550	3.5126470588235295
MYLK:123692735-123692851_123681029-123682310_123700019-123700732	2	0.130388362652234	Domains	MYLK	Inclusion	123692735-123692851	9.188970588235295
MYLK:123692735-123692851_123681029-123682310_123700019-123700732	2	0.130388362652234	Disulfide Bond	MYLK	Inclusion	123692735-123692851	9.188970588235295
NAXD:110624234-110624279_110615544-110615647_110627438-110627547	2	0.477571428571429	Modifications	NAXD	Skipping	110624234-110624279	9.929705882352941
NAXD:110624234-110624279_110615544-110615647_110627438-110627547	2	0.477571428571429	Domains	NAXD	Skipping	110624234-110624279	9.929705882352941
NAXD:110625190-110625278_110624233-110624279_110627438-110627547	10	0.118936170212766	Domains	NAXD	Inclusion	110625190-110625278	9.929705882352941
NAXD:110625190-110625303_110624233-110624279_110627438-110627547	7	0.211836	Domains	NAXD	Inclusion	110625190-110625303	9.929705882352941
NAXD:110627439-110627547_110615554-110615647_110634544-110634595	9	0.164186363636363	Domains	NAXD	Inclusion	110627439-110627547	9.929705882352941
NAXD:110627439-110627547_110624233-110624279_110634544-110634595	5	0.100125000000001	Domains	NAXD	Inclusion	110627439-110627547	9.929705882352941
NEK10:27290617-27290754_27287697-27287743_27291261-27291390	2	0.222327790973871	Domains	NEK10	Inclusion	27290617-27290754	1.0429411764705883
NEK11:131080423-131080588_131029597-131029878_131109802-131109921	4	0.140516216216218	Domains	NEK11	Inclusion	131080423-131080588	5.532647058823529
NEK11:131133246-131133355_131132744-131132809_131133829-131133956	2	0.178215406562054	Domains	NEK11	Skipping	131133246-131133355	5.532647058823529
NEK11:131133277-131133355_131132744-131132809_131133829-131133956	2	0.214041310541311	Domains	NEK11	Skipping	131133277-131133355	5.532647058823529
NEK1:169438083-169438259_169433544-169433665_169463242-169463395	6	0.134205882352941	Modifications	NEK1	Inclusion	169438083-169438259	9.539117647058823
NEK1:169438083-169438259_169433544-169433665_169463242-169463395	6	0.13479411764706	Modifications	NEK1	Skipping	169438083-169438259	9.539117647058823
NEK1:169587559-169587613_169585348-169585549_169588648-169588735	6	0.10091018766756	Domains	NEK1	Inclusion	169587559-169587613	9.539117647058823
NEK1:169589447-169589541_169588648-169588735_169590725-169590809	4	0.137246445497631	Domains	NEK1	Inclusion	169589447-169589541	9.539117647058823
NEK1:169598500-169598599_169590725-169590809_169602007-169602104	2	0.2082575	Domains	NEK1	Skipping	169598500-169598599	9.539117647058823
NEK1:169599100-169599197_169590725-169590809_169602007-169602104	8	0.136529014844803	Domains	NEK1	Inclusion	169599100-169599197	9.539117647058823
NEK3:52151146-52151232_52148141-52148469_52151324-52151392	2	0.12821875	Modifications	NEK3	Inclusion	52151146-52151232	4.770588235294118
NEK3:52151146-52151232_52148141-52148469_52151324-52151392	2	0.12821875	Domains	NEK3	Inclusion	52151146-52151232	4.770588235294118
NEK3:52154080-52154173_52153894-52153992_52156074-52156248	9	0.145359832635983	Domains	NEK3	Inclusion	52154080-52154173	4.770588235294118
NEK4:52749692-52749829_52746733-52746904_52751931-52752070	6	0.177953457446808	Modifications	NEK4	Inclusion	52749692-52749829	11.39
NEK4:52749692-52749829_52746733-52746904_52751931-52752070	6	0.166046542553192	Modifications	NEK4	Skipping	52749692-52749829	11.39
NEK5:52104498-52104552_52102091-52102292_52108317-52108404	2	0.167716981132076	Domains	NEK5	Inclusion	52104498-52104552	0.9236764705882353
NEK5:52127366-52127504_52119318-52119415_52129028-52129067	2	0.136315217391304	Domains	NEK5	Inclusion	52127366-52127504	0.9236764705882353
NEK9:75124046-75124223_75121118-75121174_75126702-75126964	3	0.103674202127659	Modifications	NEK9	Inclusion	75124046-75124223	19.429117647058824
NEK9:75124046-75124223_75121118-75121174_75126702-75126964	3	0.103674202127659	Domains	NEK9	Inclusion	75124046-75124223	19.429117647058824
NIM1K:43245082-43246067_43192224-43192411_43277056-43277325	3	0.164553376906318	Domains	NIM1K	Inclusion	43245082-43246067	5.155294117647059
NPR2:35800022-35800157_35799617-35799731_35800388-35800483	5	0.101238985313753	Domains	NPR2	Inclusion	35800022-35800157	5.101764705882353
NPR2:35801926-35802000_35801642-35801763_35802205-35802283	2	0.273565100671141	Modifications	NPR2	Inclusion	35801926-35802000	5.101764705882353
NPR2:35801926-35802000_35801642-35801763_35802205-35802283	2	0.273565100671141	Domains	NPR2	Inclusion	35801926-35802000	5.101764705882353
NPR2:35802732-35802803_35802502-35802607_35805510-35805670	4	0.11833378746594	Domains	NPR2	Inclusion	35802732-35802803	5.101764705882353
NPR2:35808509-35808683_35807329-35807398_35808754-35808853	2	0.100043010752689	Domains	NPR2	Inclusion	35808509-35808683	5.101764705882353
OXSR1:38193282-38193418_38190730-38190839_38198721-38198863	2	0.130361815754339	Domains	OXSR1	Skipping	38193282-38193418	8.809558823529413
PAK6:40274142-40274276_40273550-40273676_40275926-40276105	4	0.112183774834438	Domains	PAK6	Inclusion	40274142-40274276	1.9451470588235293
PAPSS2:87721756-87721770_87715731-87715843_87727283-87727489	3	0.114316761363636	Domains	PAPSS2	Skipping	87721756-87721770	2.0752941176470587
PDIK1L:26114292-26114593_26111823-26111915_26121836-26122124	6	0.109086274509804	Domains	PDIK1L	Inclusion	26114292-26114593	3.9380882352941176
PDK1:172562741-172562800_172562219-172562291_172564051-172564130	2	0.494784615384615	Domains	PDK1	Inclusion	172562741-172562800	4.971764705882353
PDK1:172564503-172564687_172562219-172562291_172564977-172565073	3	0.105091644204852	Domains	PDK1	Inclusion	172564503-172564687	4.971764705882353
PDK1:172568741-172568817_172566855-172566933_172570725-172570812	6	0.25491812080537	Domains	PDK1	Inclusion	172568741-172568817	4.971764705882353
PDPK1:2566356-2566453_2561479-2561522_2577424-2577500	2	0.384229885057471	Domains	PDPK1	Skipping	2566356-2566453	10.99764705882353
PDPK1:2577425-2577500_2561479-2561522_2581294-2581363	7	0.23819756097561	Modifications	PDPK1	Inclusion	2577425-2577500	10.99764705882353
PDPK1:2577425-2577500_2561479-2561522_2581294-2581363	7	0.23819756097561	Domains	PDPK1	Inclusion	2577425-2577500	10.99764705882353
PHKG1:56086970-56087024_56083649-56083715_56087597-56087776	6	0.272771959459459	Domains	PHKG1	Inclusion	56086970-56087024	7.309264705882353
PHKG1:56087598-56087776_56083649-56083715_56088858-56088975	5	0.151782537067545	Domains	PHKG1	Inclusion	56087598-56087776	7.309264705882353
PHKG2:30751549-30751603_30751105-30751217_30753231-30753297	2	0.23209977324263	Domains	PHKG2	Inclusion	30751549-30751603	6.024411764705882
PHKG2:30756182-30756272_30753393-30753557_30756366-30756483	2	0.16114954954955	Domains	PHKG2	Inclusion	30756182-30756272	6.024411764705882
PHKG2:30756367-30756520_30753393-30753557_30756589-30756715	7	0.179388788426763	Domains	PHKG2	Inclusion	30756367-30756520	6.024411764705882
PI4K2B:25252321-25252475_25234032-25234431_25255064-25255265	2	0.147492718446602	Domains	PI4K2B	Inclusion	25252321-25252475	2.7338235294117648
PI4KA:20711341-20711461_20710698-20710858_20712485-20712611	2	0.159811518324608	Domains	PI4KA	Inclusion	20711341-20711461	25.39794117647059
PKN3:128715369-128715460_128715171-128715235_128716746-128716923	4	0.10526417704011	Domains	PKN3	Inclusion	128715369-128715460	1.8347058823529412
PLK3:44804650-44804779_44804338-44804501_44805265-44805379	3	0.227125336927225	Domains	PLK3	Inclusion	44804650-44804779	5.706029411764706
PLK4:127883266-127883357_127881830-127881926_127883438-127883516	2	0.152478571428572	Modifications	PLK4	Inclusion	127883266-127883357	3.7095588235294117
PLK4:127883266-127883357_127881830-127881926_127883438-127883516	2	0.152478571428572	Domains	PLK4	Inclusion	127883266-127883357	3.7095588235294117
PLK4:127891579-127891681_127890996-127891196_127892364-127892514	2	0.153752336448598	Modifications	PLK4	Inclusion	127891579-127891681	3.7095588235294117
PLK4:127891579-127891681_127890996-127891196_127892364-127892514	2	0.153752336448598	Domains	PLK4	Inclusion	127891579-127891681	3.7095588235294117
PNCK:153671880-153672018_153671238-153671672_153672125-153672200	5	0.163567901234568	Domains	PNCK	Inclusion	153671880-153672018	4.030441176470588
PRKCG:53892988-53893075_53892508-53892643_53893361-53893391	3	0.435151515151515	Domains	PRKCG	Inclusion	53892988-53893075	0.7489705882352942
PRKCG:53904635-53904742_53903072-53903153_53906316-53906457	2	0.103637883008356	Domains	PRKCG	Inclusion	53904635-53904742	0.7489705882352942
PRKCG:53906317-53906457_53904634-53904742_53906706-53906891	2	0.283420289855072	Domains	PRKCG	Inclusion	53906317-53906457	0.7489705882352942
PRKCQ:6507436-6507496_6498395-6498558_6510994-6511194	2	0.262329268292683	Domains	PRKCQ	Inclusion	6507436-6507496	1.0380882352941176
PRKD2:46713863-46714001_46710906-46711038_46716130-46716220	5	0.100401869158879	Modifications	PRKD2	Inclusion	46713863-46714001	9.103823529411764
PRKD3:37290868-37290999_37286176-37286369_37293132-37293271	2	0.114764227642277	Domains	PRKD3	Inclusion	37290868-37290999	12.707058823529412
PRKD3:37316237-37317179_37293132-37293271_37324680-37324833	5	0.196806408544727	Modifications	PRKD3	Inclusion	37316237-37317179	12.707058823529412
PRKD3:37316237-37317179_37293132-37293271_37324680-37324833	5	0.203193591455273	Modifications	PRKD3	Skipping	37316237-37317179	12.707058823529412
PRKDC:47782162-47782254_47779003-47779093_47782377-47782598	7	0.210583776595743	Modifications	PRKDC	Inclusion	47782162-47782254	43.6225
PRKDC:47782162-47782254_47779003-47779093_47782377-47782598	7	0.210583776595743	Domains	PRKDC	Inclusion	47782162-47782254	43.6225
PRKDC:47782162-47782254_47779003-47779093_47782377-47782598	7	0.211416223404257	Modifications	PRKDC	Skipping	47782162-47782254	43.6225
PRKDC:47782162-47782254_47779003-47779093_47782377-47782598	7	0.211416223404257	Domains	PRKDC	Skipping	47782162-47782254	43.6225
PRKX:3641852-3641971_3626418-3626514_3655148-3655412	4	0.103153963414635	Modifications	PRKX	Inclusion	3641852-3641971	7.784705882352942
PRKX:3641852-3641971_3626418-3626514_3655148-3655412	4	0.103153963414635	Domains	PRKX	Inclusion	3641852-3641971	7.784705882352942
PTK2:140675430-140675499_140674297-140674404_140686631-140686694	2	0.107566523605151	Modifications	PTK2	Inclusion	140675430-140675499	50.038676470588236
PTK2:140675460-140675499_140674297-140674404_140700890-140701022	3	0.200583333333334	Modifications	PTK2	Inclusion	140675460-140675499	50.038676470588236
PTK2:140686632-140686694_140674297-140674404_140700890-140701022	2	0.260848780487805	Modifications	PTK2	Inclusion	140686632-140686694	50.038676470588236
PTK2:140879471-140879637_140864311-140864399_140890542-140890603	4	0.139547872340426	Domains	PTK2	Inclusion	140879471-140879637	50.038676470588236
PTK2B:27451043-27451078_27450748-27450895_27451484-27451509	2	0.165822314049587	Modifications	PTK2B	Inclusion	27451043-27451078	8.421323529411765
RIOK3:23467399-23467526_23466132-23466276_23473428-23473483	4	0.103567243675101	Domains	RIOK3	Inclusion	23467399-23467526	11.455294117647059
RIPK1:3082547-3083313_3080978-3081116_3085258-3085408	11	0.126251012145749	Modifications	RIPK1	Inclusion	3082547-3083313	6.443088235294118
RIPK1:3082547-3083313_3080978-3081116_3085258-3085408	11	0.126251012145749	Domains	RIPK1	Inclusion	3082547-3083313	6.443088235294118
RIPK1:3083085-3083313_3080978-3081116_3085258-3085408	4	0.103007989347539	Modifications	RIPK1	Inclusion	3083085-3083313	6.443088235294118
RIPK1:3083085-3083313_3080978-3081116_3085258-3085408	4	0.103007989347539	Domains	RIPK1	Inclusion	3083085-3083313	6.443088235294118
RIPK1:3083085-3083313_3082546-3082660_3085258-3085408	3	0.108420485175202	Modifications	RIPK1	Inclusion	3083085-3083313	6.443088235294118
RIPK1:3083085-3083313_3082546-3082660_3085258-3085408	3	0.108420485175202	Domains	RIPK1	Inclusion	3083085-3083313	6.443088235294118
RIPK2:89762829-89762982_89757815-89758233_89765340-89765496	9	0.318053547523427	Domains	RIPK2	Inclusion	89762829-89762982	4.97985294117647
RIPK2:89762829-89762982_89757815-89758233_89765340-89765496	9	0.305946452476573	Domains	RIPK2	Skipping	89762829-89762982	4.97985294117647
ROR1:64009305-64009376_63774016-63774508_64049690-64049978	3	0.151233333333333	Domains	ROR1	Inclusion	64009305-64009376	2.5741176470588236
RPS6KA4:64365301-64365465_64361851-64362002_64368131-64368260	4	0.100105431309904	Modifications	RPS6KA4	Inclusion	64365301-64365465	5.68
RPS6KA4:64365301-64365465_64361851-64362002_64368131-64368260	4	0.100105431309904	Domains	RPS6KA4	Inclusion	64365301-64365465	5.68
RPS6KB1:59930800-59931052_59930116-59930174_59931621-59931722	3	0.117664429530201	Domains	RPS6KB1	Skipping	59930800-59931052	10.606470588235293
RPS6KB1:59931622-59931722_59930116-59930174_59934169-59934260	2	0.119216494845362	Domains	RPS6KB1	Inclusion	59931622-59931722	10.606470588235293
RPS6KB2:67431368-67431515_67429526-67429595_67432599-67432657	3	0.125966577540107	Domains	RPS6KB2	Inclusion	67431368-67431515	9.253529411764706
RPS6KB2:67432353-67432492_67429526-67429595_67432599-67432657	2	0.423038461538461	Domains	RPS6KB2	Inclusion	67432353-67432492	9.253529411764706
RPS6KB2:67432353-67432492_67431367-67431515_67432599-67432657	2	0.377084112149533	Domains	RPS6KB2	Skipping	67432353-67432492	9.253529411764706
RPS6KB2:67432356-67432492_67429526-67429595_67432599-67432657	4	0.39510612244898	Domains	RPS6KB2	Inclusion	67432356-67432492	9.253529411764706
RPS6KB2:67433126-67433216_67432951-67433042_67433339-67433447	2	0.319846694796062	Domains	RPS6KB2	Inclusion	67433126-67433216	9.253529411764706
RPS6KC1:213071006-213071041_213051232-213051509_213077695-213077816	7	0.108267643142476	Domains	RPS6KC1	Inclusion	213071006-213071041	9.246323529411764
RPS6KC1:213071006-213071041_213051232-213051509_213104453-213104569	2	0.118092050209205	Domains	RPS6KC1	Inclusion	213071006-213071041	9.246323529411764
RPS6KC1:213117317-213117410_213104453-213104569_213129526-213129889	4	0.111580990629184	Domains	RPS6KC1	Inclusion	213117317-213117410	9.246323529411764
RPS6KC1:213129527-213129889_213117316-213117410_213167857-213167973	2	0.106239089184061	Domains	RPS6KC1	Inclusion	213129527-213129889	9.246323529411764
RPS6KC1:213176400-213176492_213167857-213167973_213230496-213230544	3	0.192227393617021	Domains	RPS6KC1	Inclusion	213176400-213176492	9.246323529411764
RPS6KC1:213176400-213176492_213167857-213167973_213232122-213232255	2	0.103876404494382	Domains	RPS6KC1	Inclusion	213176400-213176492	9.246323529411764
RPS6KC1:213176400-213176492_213167857-213167973_213240701-213242297	3	0.153754646840149	Domains	RPS6KC1	Inclusion	213176400-213176492	9.246323529411764
RPS6KC1:213230497-213230544_213167857-213167973_213232122-213232255	3	0.228312101910828	Domains	RPS6KC1	Inclusion	213230497-213230544	9.246323529411764
RPS6KC1:213232123-213232255_213167857-213167973_213240701-213242297	2	0.222685897435898	Domains	RPS6KC1	Inclusion	213232123-213232255	9.246323529411764
RPS6KL1:74907435-74907530_74903950-74907124_74908849-74908932	4	0.220911010558069	Domains	RPS6KL1	Inclusion	74907435-74907530	4.458382352941176
RPS6KL1:74909101-74909161_74908849-74908932_74909542-74909668	6	0.343929336188436	Domains	RPS6KL1	Inclusion	74909101-74909161	4.458382352941176
RPS6KL1:74909101-74909190_74908849-74908932_74909542-74910148	5	0.289995991983968	Domains	RPS6KL1	Inclusion	74909101-74909190	4.458382352941176
RPS6KL1:74909101-74909190_74908849-74908932_74911247-74911276	3	0.223935582822086	Domains	RPS6KL1	Inclusion	74909101-74909190	4.458382352941176
RPS6KL1:74909101-74910148_74908849-74908932_74911247-74911380	4	0.155139941690963	Domains	RPS6KL1	Inclusion	74909101-74910148	4.458382352941176
RPS6KL1:74909543-74910148_74908849-74908932_74911247-74911380	3	0.177047138047138	Domains	RPS6KL1	Inclusion	74909543-74910148	4.458382352941176
RPS6KL1:74909543-74910148_74909100-74909190_74911247-74911380	2	0.219126602564103	Domains	RPS6KL1	Inclusion	74909543-74910148	4.458382352941176
RPS6KL1:74911794-74911841_74910889-74911380_74919844-74919969	3	0.217335078534031	Domains	RPS6KL1	Inclusion	74911794-74911841	4.458382352941176
RPS6KL1:74918513-74918605_74911793-74911841_74919844-74919969	7	0.269496941896024	Domains	RPS6KL1	Inclusion	74918513-74918605	4.458382352941176
RYK:134177941-134178073_134175929-134176039_134183001-134183033	6	0.110105053191489	Domains	RYK	Inclusion	134177941-134178073	11.831470588235295
SGK2:43576224-43576379_43574376-43575004_43579971-43580061	2	0.172052631578948	Domains	SGK2	Inclusion	43576224-43576379	1.5767647058823528
SGK3:66804375-66804447_66798541-66798625_66813852-66813928	4	0.115116858237548	Domains	SGK3	Inclusion	66804375-66804447	6.095588235294118
SMG1:18896052-18896207_18892217-18892354_18896792-18896956	4	0.107332889480692	Domains	SMG1	Inclusion	18896052-18896207	16.94514705882353
SNRK:43303098-43303792_43286537-43286675_43332168-43332310	3	0.105267643142477	Modifications	SNRK	Inclusion	43303098-43303792	12.381617647058823
SNRK:43303098-43303792_43286537-43286675_43332168-43332310	3	0.105267643142477	Domains	SNRK	Inclusion	43303098-43303792	12.381617647058823
SPEG:219451625-219451807_219450669-219451279_219461881-219462057	3	0.140019230769231	Domains	SPEG	Inclusion	219451625-219451807	15.200588235294118
SPEG:219473504-219473627_219472889-219473096_219473727-219473903	2	0.129909090909091	Domains	SPEG	Inclusion	219473504-219473627	15.200588235294118
SPEG:219488498-219488665_219488193-219488310_219488777-219488900	5	0.181584112149533	Domains	SPEG	Inclusion	219488498-219488665	15.200588235294118
SPEG:219488498-219488665_219488193-219488310_219488777-219488900	5	0.181584112149533	Disulfide Bond	SPEG	Inclusion	219488498-219488665	15.200588235294118
SRPK1:35838337-35838429_35832965-35835488_35842534-35842604	3	0.142185294117649	Domains	SRPK1	Inclusion	35838337-35838429	9.960441176470589
SRPK1:35870281-35870494_35869481-35869901_35870933-35870959	4	0.187122340425532	Modifications	SRPK1	Inclusion	35870281-35870494	9.960441176470589
SRPK1:35870281-35870494_35869481-35869901_35870933-35870959	4	0.187122340425532	Domains	SRPK1	Inclusion	35870281-35870494	9.960441176470589
STK16:219246522-219246876_219245891-219246085_219247112-219247246	2	0.158320805369128	Domains	STK16	Inclusion	219246522-219246876	5.7755882352941175
STK16:219246657-219246876_219245895-219246085_219247112-219247246	2	0.123488031914894	Domains	STK16	Inclusion	219246657-219246876	5.7755882352941175
STK16:219246657-219246876_219245895-219246085_219247414-219247631	2	0.12956875834446	Domains	STK16	Inclusion	219246657-219246876	5.7755882352941175
STK16:219247113-219247246_219245894-219246876_219247414-219247534	12	0.178571238348869	Domains	STK16	Inclusion	219247113-219247246	5.7755882352941175
STK16:219247113-219247246_219245895-219246085_219247414-219247534	4	0.101113788487284	Domains	STK16	Inclusion	219247113-219247246	5.7755882352941175
STK16:219247662-219247757_219247414-219247535_219248192-219248314	4	0.105008053691276	Modifications	STK16	Inclusion	219247662-219247757	5.7755882352941175
STK16:219247662-219247757_219247414-219247535_219248192-219248314	4	0.105008053691276	Domains	STK16	Inclusion	219247662-219247757	5.7755882352941175
STK25:241501478-241501799_241500779-241500796_241508005-241508135	2	0.127557180851065	Domains	STK25	Inclusion	241501478-241501799	41.92088235294118
STK25:241508006-241508135_241500739-241500796_241508442-241508556	4	0.103826747720366	Domains	STK25	Inclusion	241508006-241508135	41.92088235294118
STK25:241508006-241508135_241501356-241501708_241508442-241508556	9	0.158287234042552	Domains	STK25	Inclusion	241508006-241508135	41.92088235294118
STK26:132069478-132069663_132068411-132068569_132071068-132071217	2	0.174920168067227	Domains	STK26	Inclusion	132069478-132069663	0.8336764705882354
STK32B:5416845-5416934_5398206-5398244_5446672-5446776	2	0.143594353640416	Domains	STK32B	Inclusion	5416845-5416934	6.589852941176471
STK32C:132245900-132245955_132227976-132228128_132307571-132307950	2	0.130306532663317	Domains	STK32C	Inclusion	132245900-132245955	7.621470588235294
STK33:8413495-8413692_8391867-8392710_8435493-8435579	4	0.101620396600567	Modifications	STK33	Inclusion	8413495-8413692	8.475
STK33:8440678-8440753_8436026-8436139_8452821-8452906	4	0.154870056497175	Domains	STK33	Inclusion	8440678-8440753	8.475
STK38:36498363-36498486_36497779-36497875_36506582-36506644	2	0.126182352941176	Domains	STK38	Inclusion	36498363-36498486	5.753970588235294
STK38:36499873-36499990_36498362-36498486_36506582-36506644	9	0.113727272727274	Modifications	STK38	Inclusion	36499873-36499990	5.753970588235294
STK38:36499873-36499990_36498362-36498486_36506582-36506644	9	0.113727272727274	Domains	STK38	Inclusion	36499873-36499990	5.753970588235294
STK3:98638460-98638560_98595329-98596169_98706466-98706634	3	0.10031659693166	Domains	STK3	Skipping	98638460-98638560	5.714117647058823
STK40:36358737-36358837_36358238-36358382_36361220-36361340	2	0.127098314606742	Domains	STK40	Inclusion	36358737-36358837	11.413970588235294
TAF1:71459150-71459251_71458240-71458366_71459551-71459708	4	0.152122340425532	Domains	TAF1	Inclusion	71459150-71459251	16.342058823529413
TAF1:71459150-71459251_71458240-71458366_71459551-71459708	4	0.180877659574468	Domains	TAF1	Skipping	71459150-71459251	16.342058823529413
TAOK3:118235795-118236693_118235557-118235671_118238072-118238169	12	0.344623306233062	Domains	TAOK3	Skipping	118235795-118236693	20.13235294117647
TBCK:106193609-106193770_106171094-106171270_106212749-106212835	2	0.186764705882353	Domains	TBCK	Inclusion	106193609-106193770	9.471617647058823
TBCK:106194718-106194754_106193608-106193770_106212749-106212835	3	0.120386084583903	Domains	TBCK	Inclusion	106194718-106194754	9.471617647058823
TBCK:106254947-106255047_106251865-106252007_106260436-106260510	4	0.187601604278075	Domains	TBCK	Skipping	106254947-106255047	9.471617647058823
TBCK:106260437-106260510_106251865-106252007_106295093-106295166	3	0.248011396011396	Domains	TBCK	Inclusion	106260437-106260510	9.471617647058823
TBK1:64455816-64455957_64452100-64452187_64460188-64460329	2	0.109519553072626	Domains	TBK1	Inclusion	64455816-64455957	10.623382352941176
TBK1:64455917-64455957_64452130-64452187_64460188-64460329	2	0.129505660377359	Domains	TBK1	Inclusion	64455917-64455957	10.623382352941176
TBK1:64460189-64460329_64455815-64455957_64464333-64464399	2	0.176378048780487	Domains	TBK1	Inclusion	64460189-64460329	10.623382352941176
TBK1:64460247-64460329_64455839-64455957_64464333-64464463	7	0.126077310924369	Domains	TBK1	Inclusion	64460247-64460329	10.623382352941176
TBK1:64495704-64495775_64495482-64495604_64496366-64496406	3	0.130799663299664	Domains	TBK1	Inclusion	64495704-64495775	10.623382352941176
TBK1:64495982-64496089_64495698-64495775_64496366-64496406	6	0.152068027210884	Domains	TBK1	Skipping	64495982-64496089	10.623382352941176
TESK2:45346979-45347062_45346692-45346779_45347608-45347693	4	0.219785714285714	Domains	TESK2	Inclusion	45346979-45347062	1.0447058823529412
TESK2:45355303-45355449_45347917-45348000_45385911-45385960	3	0.214294930875576	Domains	TESK2	Inclusion	45355303-45355449	1.0447058823529412
TESK2:45385912-45385960_45355302-45355449_45421724-45421846	2	0.141834797891037	Domains	TESK2	Inclusion	45385912-45385960	1.0447058823529412
TEX14:58615232-58615345_58613420-58613544_58616174-58616305	2	0.26351	Domains	TEX14	Inclusion	58615232-58615345	0.8338235294117647
TLK2:62524236-62524331_62523133-62523177_62536169-62536337	7	0.217132978723404	Modifications	TLK2	Inclusion	62524236-62524331	12.479264705882352
TNIK:171128714-171128878_171125911-171126151_171138190-171138379	2	0.136668478260868	Modifications	TNIK	Inclusion	171128714-171128878	25.838970588235295
TNK2:195867169-195867258_195866888-195867016_195867360-195868709	4	0.47918424566088	Domains	TNK2	Inclusion	195867169-195867258	22.996617647058823
TNK2:195867169-195867258_195866888-195867016_195867360-195868709	4	0.30081575433912	Domains	TNK2	Skipping	195867169-195867258	22.996617647058823
TNK2:195867169-195867264_195866888-195867016_195867360-195868709	2	0.191279627163781	Domains	TNK2	Inclusion	195867169-195867264	22.996617647058823
TTBK1:43252739-43252886_43246606-43246768_43253567-43253708	2	0.11269696969697	Domains	TTBK1	Inclusion	43252739-43252886	5.478382352941177
TTBK2:42872611-42872758_42840359-42840433_42878548-42878684	2	0.133144946808511	Domains	TTBK2	Inclusion	42872611-42872758	5.382941176470588
TYK2:10353528-10353646_10352925-10353098_10354041-10354103	4	0.135833333333334	Domains	TYK2	Inclusion	10353528-10353646	34.1985294117647
TYK2:10360962-10361073_10359174-10359302_10361510-10361598	3	0.129570666666667	Domains	TYK2	Skipping	10360962-10361073	34.1985294117647
UHMK1:162503754-162503848_162499954-162501104_162512499-162512576	2	0.132967741935486	Domains	UHMK1	Inclusion	162503754-162503848	8.279558823529412
ULK1:131906892-131906924_131895782-131895824_131907494-131907531	2	0.102276729559749	Domains	ULK1	Inclusion	131906892-131906924	8.791617647058823
ULK2:19838501-19838583_19826138-19826186_19843120-19843138	3	0.103548262548262	Domains	ULK2	Inclusion	19838501-19838583	8.930735294117646
ULK3:74838152-74838173_74837750-74837798_74838265-74838344	3	0.27153903345725	Domains	ULK3	Inclusion	74838152-74838173	9.826176470588235
ULK3:74838152-74838192_74837750-74837798_74838265-74838344	2	0.104138790035588	Domains	ULK3	Inclusion	74838152-74838192	9.826176470588235
ULK3:74838643-74838745_74838439-74838504_74839009-74839050	4	0.118321772639693	Modifications	ULK3	Inclusion	74838643-74838745	9.826176470588235
ULK3:74838643-74838745_74838439-74838504_74839009-74839050	4	0.118321772639693	Domains	ULK3	Inclusion	74838643-74838745	9.826176470588235
ULK4:41915977-41916052_41912806-41912899_41918456-41918540	2	0.474248854961833	Domains	ULK4	Skipping	41915977-41916052	3.7125
ULK4:41937229-41937340_41935861-41935940_41938097-41938197	3	0.201747813411079	Domains	ULK4	Skipping	41937229-41937340	3.7125
VRK2:58058352-58058488_58048826-58048967_58084088-58084138	2	0.116260371959943	Domains	VRK2	Skipping	58058352-58058488	3.174264705882353
VRK2:58086339-58086426_58084088-58084138_58088340-58088446	2	0.351018018018018	Domains	VRK2	Inclusion	58086339-58086426	3.174264705882353
VRK2:58088341-58088446_58084088-58084138_58089630-58089723	2	0.190226415094339	Domains	VRK2	Inclusion	58088341-58088446	3.174264705882353
VRK3:49995191-49995275_49994813-49994919_50000789-50000854	4	0.190129679144384	Domains	VRK3	Inclusion	49995191-49995275	11.383823529411766
VRK3:49997504-49997570_49995190-49995275_50000789-50000854	11	0.102804000000001	Domains	VRK3	Inclusion	49997504-49997570	11.383823529411766
VRK3:50009236-50009289_50007568-50007826_50016023-50016163	3	0.369799196787148	Modifications	VRK3	Inclusion	50009236-50009289	11.383823529411766
