SpliceID	Differential_freq	mean_dPSI	Uniprot	hgnc_symbol	Baseline_preference	exon_start	exon_end	Baseline_freq	Average_TPM	pfam_id	chromosome_name	strand	NAME	DESC	domain_chr	domain_start	domain_end	overlaps_domain	overlap_len	exon_len	overlap_perc
ACTR2:65255545-65255694_65253727-65253864_65261246-65261392	1	0.9892	Other	ACTR2	Inclusion	65255545	65255694	324	36.75359813084112	PF00022	2	1	Actin	Actin	2	65227921	65268713	Yes	149	149	100
ACVRL1:51913559-51913770_51913098-51913350_51914438-51914585	2	0.673588235294118	Modifications	ACVRL1	Inclusion	51913559	51913770	323	4.148691588785047	PF07714	12	1	Pkinase_Tyr	Protein tyrosine kinase	12	51912531	51920845	Yes	211	211	100
ACVRL1:51913559-51913770_51913098-51913350_51914438-51914585	2	0.673588235294118	Modifications	ACVRL1	Inclusion	51913559	51913770	323	4.148691588785047	PF08515	12	1	TGF_beta_GS	Transforming growth factor beta type I GS-motif	12	51913764	51914048	Yes	6	211	2.843601895734597
ACVRL1:51913974-51914073_51913558-51913770_51914438-51914585	1	0.834923076923077	Other	ACVRL1	Inclusion	51913974	51914073	324	4.148691588785047	PF07714	12	1	Pkinase_Tyr	Protein tyrosine kinase	12	51912531	51920845	Yes	99	99	100
ACVRL1:51913974-51914073_51913558-51913770_51914438-51914585	1	0.834923076923077	Other	ACVRL1	Inclusion	51913974	51914073	324	4.148691588785047	PF08515	12	1	TGF_beta_GS	Transforming growth factor beta type I GS-motif	12	51913764	51914048	Yes	74	99	74.74747474747475
ALDH18A1:95642992-95643206_95637286-95637436_95653289-95653405	3	0.960333333333333	Other	ALDH18A1	Inclusion	95642992	95643206	322	10.492897196261682	PF00696	10	-1	AA_kinase	Amino acid kinase family	10	95627532	95643084	Yes	92	214	42.99065420560748
BCKDK:31110688-31110761_31110400-31110499_31111090-31111219	3	0.945914634146342	Modifications	BCKDK	Inclusion	31110688	31110761	322	11.577757009345794	PF10436	16	1	BCDHK_Adom3	Mitochondrial branched-chain alpha-ketoacid dehydrogenase kinase	16	31109531	31110711	Yes	23	73	31.506849315068493
BCKDK:31110688-31110761_31110400-31110499_31111090-31111219	3	0.945914634146342	Other	BCKDK	Inclusion	31110688	31110761	322	11.577757009345794	PF10436	16	1	BCDHK_Adom3	Mitochondrial branched-chain alpha-ketoacid dehydrogenase kinase	16	31109531	31110711	Yes	23	73	31.506849315068493
BMPR1B:95114720-95114822_95104354-95104567_95115684-95115787	1	0.939333333333333	Disulfide Bond	BMPR1B	Inclusion	95114720	95114822	324	8.658644859813084	PF01064	4	1	Activin_recp	Activin types I and II receptor domain	4	95104511	95115765	Yes	102	102	100
BMPR1B:95114720-95114827_95104407-95104567_95115684-95115787	1	0.836666666666667	Disulfide Bond	BMPR1B	Inclusion	95114720	95114827	324	8.658644859813084	PF01064	4	1	Activin_recp	Activin types I and II receptor domain	4	95104511	95115765	Yes	107	107	100
CAMK1:9765759-9765890_9763138-9763213_9767666-9767781	11	0.859841584158416	Other	CAMK1	Inclusion	9765759	9765890	314	10.207570093457944	PF00069	3	-1	Pkinase	Protein kinase domain	3	9759571	9767686	Yes	131	131	100
CAMK1:9766125-9766213_9765758-9765890_9767666-9767781	10	0.0927978142076503	Other	CAMK1	Skipping	9766125	9766213	315	10.207570093457944	PF00069	3	-1	Pkinase	Protein kinase domain	3	9759571	9767686	Yes	88	88	100
CAMK2G:73819532-73819617_73817478-73817554_73821681-73821730	15	0.25491447368421	Modifications	CAMK2G	Inclusion	73819532	73819617	310	15.349018691588784	PF08332	10	-1	CaMKII_AD	Calcium/calmodulin dependent protein kinase II association domain	10	73815032	73819533	Yes	1	85	1.1764705882352942
CAMK2G:73819532-73819617_73817478-73817554_73821681-73821730	15	0.25491447368421	Modifications	CAMK2G	Skipping	73819532	73819617	310	15.349018691588784	PF08332	10	-1	CaMKII_AD	Calcium/calmodulin dependent protein kinase II association domain	10	73815032	73819533	Yes	1	85	1.1764705882352942
CAMK2G:73819532-73819645_73817478-73817554_73821681-73821730	20	0.450574603174603	Modifications	CAMK2G	Inclusion	73819532	73819645	305	15.349018691588784	PF08332	10	-1	CaMKII_AD	Calcium/calmodulin dependent protein kinase II association domain	10	73815032	73819533	Yes	1	113	0.8849557522123894
CAMK2G:73819532-73819645_73817478-73817554_73821681-73821730	20	0.450574603174603	Modifications	CAMK2G	Skipping	73819532	73819645	305	15.349018691588784	PF08332	10	-1	CaMKII_AD	Calcium/calmodulin dependent protein kinase II association domain	10	73815032	73819533	Yes	1	113	0.8849557522123894
CAMK2G:73873390-73873523_73872988-73873083_73874396-73874554	4	0.0320243902439024	Other	CAMK2G	Skipping	73873390	73873523	321	15.349018691588784	PF00069	10	-1	Pkinase	Protein kinase domain	10	73847227	73874422	Yes	133	133	100
CASK:41853097-41853227_41787177-41787283_41922929-41923010	4	0.950821428571428	Modifications	CASK	Inclusion	41853097	41853227	321	21.13004672897196	PF00069	X	-1	Pkinase	Protein kinase domain	X	41660441	41922955	Yes	130	130	100
CASK:41853097-41853227_41787177-41787283_41922929-41923010	4	0.950821428571428	Other	CASK	Inclusion	41853097	41853227	321	21.13004672897196	PF00069	X	-1	Pkinase	Protein kinase domain	X	41660441	41922955	Yes	130	130	100
CASK:41853115-41853227_41786809-41787283_41922929-41922947	3	0.970142857142857	Modifications	CASK	Inclusion	41853115	41853227	322	21.13004672897196	PF00069	X	-1	Pkinase	Protein kinase domain	X	41660441	41922955	Yes	112	112	100
CASK:41853115-41853227_41786809-41787283_41922929-41922947	3	0.970142857142857	Other	CASK	Inclusion	41853115	41853227	322	21.13004672897196	PF00069	X	-1	Pkinase	Protein kinase domain	X	41660441	41922955	Yes	112	112	100
CDC42BPA:227112671-227112913_227112311-227112422_227119803-227119937	9	0.827984496124032	Other	CDC42BPA	Inclusion	227112671	227112913	316	16.469252336448598	PF15796	1	-1	KELK	KELK-motif containing domain of MRCK Ser/Thr protein kinase	1	227112736	227119866	Yes	177	242	73.14049586776859
CDC42BPA:227219263-227219420_227213135-227213219_227254063-227254155	12	0.158012195121951	Other	CDC42BPA	Skipping	227219263	227219420	313	16.469252336448598	PF00069	1	-1	Pkinase	Protein kinase domain	1	227145602	227254105	Yes	157	157	100
CDC42BPA:227254064-227254155_227213135-227213219_227317004-227317047	2	0.949417910447761	Other	CDC42BPA	Inclusion	227254064	227254155	323	16.469252336448598	PF00069	1	-1	Pkinase	Protein kinase domain	1	227145602	227254105	Yes	41	91	45.05494505494506
CDC42BPA:227254064-227254155_227219262-227219420_227317004-227317047	1	0.9282	Other	CDC42BPA	Inclusion	227254064	227254155	324	16.469252336448598	PF00069	1	-1	Pkinase	Protein kinase domain	1	227145602	227254105	Yes	41	91	45.05494505494506
CDK10:89689252-89689324_89686669-89686759_89690552-89690557	4	0.780706766917293	Other	CDK10	Inclusion	89689252	89689324	321	15.100981308411214	PF00069	16	1	Pkinase	Protein kinase domain	16	89689278	89695329	Yes	46	72	63.888888888888886
CDK10:89689252-89689324_89686688-89686797_89690552-89690557	10	0.483989898989899	Other	CDK10	Inclusion	89689252	89689324	315	15.100981308411214	PF00069	16	1	Pkinase	Protein kinase domain	16	89689278	89695329	Yes	46	72	63.888888888888886
CDK10:89689252-89689324_89686688-89686797_89690552-89690557	10	0.483989898989899	Other	CDK10	Skipping	89689252	89689324	315	15.100981308411214	PF00069	16	1	Pkinase	Protein kinase domain	16	89689278	89695329	Yes	46	72	63.888888888888886
CDK10:89689252-89689324_89686950-89687334_89690552-89690557	1	0.697071428571428	Other	CDK10	Inclusion	89689252	89689324	324	15.100981308411214	PF00069	16	1	Pkinase	Protein kinase domain	16	89689278	89695329	Yes	46	72	63.888888888888886
CDK10:89689252-89689324_89687588-89687815_89690552-89690557	2	0.791575	Other	CDK10	Inclusion	89689252	89689324	323	15.100981308411214	PF00069	16	1	Pkinase	Protein kinase domain	16	89689278	89695329	Yes	46	72	63.888888888888886
CDK10:89693398-89693467_89693273-89693326_89694172-89694232	2	0.886916666666667	Modifications	CDK10	Inclusion	89693398	89693467	323	15.100981308411214	PF00069	16	1	Pkinase	Protein kinase domain	16	89689278	89695329	Yes	69	69	100
CDK14:90747681-90747775_90726503-90726812_90790572-90790614	1	0.980133333333333	Modifications	CDK14	Inclusion	90747681	90747775	324	15.750654205607477	PF00069	7	1	Pkinase	Protein kinase domain	7	90747713	91112644	Yes	62	94	65.95744680851064
CDK14:90747681-90747775_90726503-90726812_90790572-90790614	1	0.980133333333333	Other	CDK14	Inclusion	90747681	90747775	324	15.750654205607477	PF00069	7	1	Pkinase	Protein kinase domain	7	90747713	91112644	Yes	62	94	65.95744680851064
CDK17:96298869-96298983_96297626-96297721_96300303-96300360	1	0.966222222222222	Other	CDK17	Inclusion	96298869	96298983	324	15.555046728971964	PF00069	12	-1	Pkinase	Protein kinase domain	12	96282545	96300330	Yes	114	114	100
CDK19:110746126-110746201_110670430-110670541_110815008-110815209	1	0.953947368421053	Other	CDK19	Inclusion	110746126	110746201	324	8.815046728971963	PF00069	6	-1	Pkinase	Protein kinase domain	6	110622840	110815061	Yes	75	75	100
CDK19:110746126-110746201_110670430-110670541_110815008-110815209	1	0.953947368421053	Other	CDK19	Inclusion	110746126	110746201	324	8.815046728971963	PF00069	6	-1	Pkinase	Protein kinase domain	6	110622840	110815061	Yes	75	75	100
CDK1:60788060-60788230_60785663-60785787_60791889-60791969	5	0.943046296296296	Modifications	CDK1	Inclusion	60788060	60788230	320	7.361261682242991	PF00069	10	1	Pkinase	Protein kinase domain	10	60780174	60793942	Yes	170	170	100
CDK1:60788060-60788230_60785663-60785787_60791889-60791969	5	0.943046296296296	Other	CDK1	Inclusion	60788060	60788230	320	7.361261682242991	PF00069	10	1	Pkinase	Protein kinase domain	10	60780174	60793942	Yes	170	170	100
CDK8:26337567-26337642_26254103-26254769_26349071-26349182	1	0.918	Other	CDK8	Inclusion	26337567	26337642	324	4.5046728971962615	PF00069	13	1	Pkinase	Protein kinase domain	13	26254716	26400524	Yes	75	75	100
CDKL3:134350249-134350427_134321790-134321903_134370997-134371041	5	0.293327102803738	Modifications	CDKL3	Skipping	134350249	134350427	320	2.255467289719626	PF00069	5	-1	Pkinase	Protein kinase domain	5	134312314	134366514	Yes	178	178	100
CDKL3:134350249-134350427_134321790-134321903_134370997-134371041	5	0.293327102803738	Other	CDKL3	Skipping	134350249	134350427	320	2.255467289719626	PF00069	5	-1	Pkinase	Protein kinase domain	5	134312314	134366514	Yes	178	178	100
CLK2:155265860-155265954_155264644-155264774_155268009-155268126	3	0.908876923076923	Other	CLK2	Inclusion	155265860	155265954	322	12.809065420560747	PF00069	1	-1	Pkinase	Protein kinase domain	1	155263280	155268708	Yes	94	94	100
CLK3:74622120-74622216_74619966-74620225_74622493-74622560	8	0.880221428571428	Modifications	CLK3	Inclusion	74622120	74622216	317	13.887710280373833	PF00069	15	1	Pkinase	Protein kinase domain	15	74622215	74629826	Yes	1	96	1.0416666666666665
CLK3:74625802-74625968_74623619-74625018_74627351-74627401	2	0.961913043478261	Other	CLK3	Inclusion	74625802	74625968	323	13.887710280373833	PF00069	15	1	Pkinase	Protein kinase domain	15	74622215	74629826	Yes	166	166	100
COQ8B:40703715-40703855_40703368-40703622_40705095-40705174	5	0.902689655172414	Other	COQ8B	Inclusion	40703715	40703855	320	9.371448598130842	PF03109	19	-1	ABC1	ABC1 family	19	40700408	40703843	Yes	128	140	91.42857142857143
CSF1R:150059700-150059862_150057503-150057592_150060861-150060972	4	0.980603773584906	Modifications	CSF1R	Inclusion	150059700	150059862	321	23.855093457943926	PF07714	5	-1	Pkinase_Tyr	Protein tyrosine kinase	5	150054354	150061732	Yes	162	162	100
CSNK1D:82265686-82265796_82255129-82255577_82273305-82273369	2	0.981941176470589	Other	CSNK1D	Inclusion	82265686	82265796	323	32.7407476635514	PF00069	17	-1	Pkinase	Protein kinase domain	17	82252497	82273357	Yes	110	110	100
CSNK1G1:64259201-64259241_64251438-64251581_64300318-64300467	2	0.866159090909091	Other	CSNK1G1	Inclusion	64259201	64259241	323	5.364018691588785	PF00069	15	-1	Pkinase	Protein kinase domain	15	64204931	64300367	Yes	40	40	100
CSNK1G3:123553107-123553147_123545414-123545841_123557494-123557564	1	0.959125	Other	CSNK1G3	Inclusion	123553107	123553147	324	10.62429906542056	PF00069	5	1	Pkinase	Protein kinase domain	5	123545792	123588444	Yes	40	40	100
CSNK2A2:58174451-58174510_58168609-58168693_58184259-58184310	1	0.966	Other	CSNK2A2	Inclusion	58174451	58174510	324	13.233878504672898	PF00069	16	-1	Pkinase	Protein kinase domain	16	58165560	58196831	Yes	59	59	100
CSNK2A2:58174451-58174510_58168609-58168693_58196732-58196844	1	0.895583333333333	Other	CSNK2A2	Inclusion	58174451	58174510	324	13.233878504672898	PF00069	16	-1	Pkinase	Protein kinase domain	16	58165560	58196831	Yes	59	59	100
DCLK2:150193138-150193240_150102477-150102812_150198001-150198103	4	0.988442307692308	Other	DCLK2	Inclusion	150193138	150193240	321	41.6061214953271	PF03607	4	1	DCX	Doublecortin	4	150102698	150193203	Yes	65	102	63.725490196078425
DCLK2:150232682-150232828_150224500-150224558_150239741-150239875	1	0.96725	Other	DCLK2	Inclusion	150232682	150232828	324	41.6061214953271	PF00069	4	1	Pkinase	Protein kinase domain	4	150221723	150248382	Yes	146	146	100
DCLK2:150248305-150248385_150247602-150247699_150249567-150249684	1	0.991222222222222	Modifications	DCLK2	Inclusion	150248305	150248385	324	41.6061214953271	PF00069	4	1	Pkinase	Protein kinase domain	4	150221723	150248382	Yes	77	80	96.25
DGKB:14701681-14701730_14698094-14698169_14718541-14718685	5	0.870519480519481	Other	DGKB	Inclusion	14701681	14701730	320	6.828364485981308	PF13499	7	-1	EF-hand_7	EF-hand domain pair	7	14694131	14718554	Yes	49	49	100
DGKB:14736041-14736194_14718541-14718685_14757654-14757731	1	0.960533333333333	Other	DGKB	Inclusion	14736041	14736194	324	6.828364485981308	PF14513	7	-1	DAG_kinase_N	Diacylglycerol kinase N-terminus	7	14718560	14841248	Yes	153	153	100
DMPK:45778493-45778641_45778126-45778220_45779263-45779359	1	0.965142857142857	Other	DMPK	Inclusion	45778493	45778641	324	16.096308411214952	PF00069	19	-1	Pkinase	Protein kinase domain	19	45777455	45779819	Yes	148	148	100
EEF2K:22257643-22257770_22257252-22257385_22258493-22258695	10	0.864251798561151	Other	EEF2K	Inclusion	22257643	22257770	315	7.047383177570094	PF02816	16	1	Alpha_kinase	Alpha-kinase family	16	22250659	22257695	Yes	52	127	40.94488188976378
EIF2AK1:6028615-6028697_6026727-6026961_6028917-6029032	1	0.9841	Modifications	EIF2AK1	Inclusion	6028615	6028697	324	15.557009345794391	PF00069	7	-1	Pkinase	Protein kinase domain	7	6026742	6047042	Yes	82	82	100
EIF2AK4:40016502-40016672_40011280-40011346_40017107-40017242	1	0.925102040816327	Modifications	EIF2AK4	Inclusion	40016502	40016672	324	7.8915887850467294	PF13393	15	1	tRNA-synt_His	Histidyl-tRNA synthetase	15	40002726	40019170	Yes	170	170	100
EIF2AK4:40016502-40016672_40011280-40011346_40017107-40017242	1	0.925102040816327	Other	EIF2AK4	Inclusion	40016502	40016672	324	7.8915887850467294	PF13393	15	1	tRNA-synt_His	Histidyl-tRNA synthetase	15	40002726	40019170	Yes	170	170	100
EIF2AK4:40025977-40026089_40022518-40022605_40029405-40029464	2	0.957153846153846	Other	EIF2AK4	Inclusion	40025977	40026089	323	7.8915887850467294	PF12745	15	1	HGTP_anticodon2	Anticodon binding domain of tRNAs	15	40020906	40035063	Yes	112	112	100
EPHA5:65490377-65490712_65420440-65420565_65495387-65495543	2	0.818583333333333	Modifications	EPHA5	Inclusion	65490377	65490712	323	2.218878504672897	PF00041	4	-1	fn3	Fibronectin type III domain	4	65490434	65490704	Yes	270	335	80.59701492537313
EPHA5:65490377-65490712_65420440-65420565_65601640-65602304	1	0.75745	Modifications	EPHA5	Inclusion	65490377	65490712	324	2.218878504672897	PF00041	4	-1	fn3	Fibronectin type III domain	4	65490434	65490704	Yes	270	335	80.59701492537313
EPHB1:135201474-135201689_135192575-135192823_135241147-135241297	2	0.966314285714286	Other	EPHB1	Inclusion	135201474	135201689	323	9.059953271028036	PF07714	3	1	Pkinase_Tyr	Protein tyrosine kinase	3	135179957	135248453	Yes	215	215	100
ETNK2:204149703-204149962_204146641-204146764_204151594-204151894	2	0.880222222222222	Other	ETNK2	Inclusion	204149703	204149962	323	4.042336448598132	PF01633	1	-1	Choline_kinase	Choline/ethanolamine kinase	1	204137232	204149902	Yes	199	259	76.83397683397683
ETNK2:204149703-204149962_204146641-204146764_204151594-204151894	2	0.880222222222222	Localization Signal	ETNK2	Inclusion	204149703	204149962	323	4.042336448598132	PF01633	1	-1	Choline_kinase	Choline/ethanolamine kinase	1	204137232	204149902	Yes	199	259	76.83397683397683
FER:108798124-108798389_108768092-108768238_108832769-108832820	1	0.898333333333333	Other	FER	Inclusion	108798124	108798389	324	6.520700934579439	PF00611	5	1	FCH	Fes/CIP4, and EFC/F-BAR homology domain	5	108798212	108832817	Yes	177	265	66.79245283018868
FER:108832770-108832943_108798123-108798389_108835707-108835807	2	0.935605263157895	Other	FER	Inclusion	108832770	108832943	323	6.520700934579439	PF00611	5	1	FCH	Fes/CIP4, and EFC/F-BAR homology domain	5	108798212	108832817	Yes	47	173	27.167630057803464
GALK1:75763014-75763149_75762703-75762885_75763319-75763439	1	0.90875	Other	GALK1	Inclusion	75763014	75763149	324	6.707803738317757	PF00288	17	-1	GHMP_kinases_N	GHMP kinases N terminal domain	17	75763045	75763413	Yes	104	135	77.03703703703704
GALK1:75763014-75763181_75762703-75762885_75763319-75763439	2	0.8369375	Other	GALK1	Inclusion	75763014	75763181	323	6.707803738317757	PF00288	17	-1	GHMP_kinases_N	GHMP kinases N terminal domain	17	75763045	75763413	Yes	136	167	81.437125748502993
GALK2:49281987-49282085_49239219-49239367_49283565-49283579	7	0.88759349593496	Other	GALK2	Inclusion	49281987	49282085	318	8.368598130841121	PF00288	15	1	GHMP_kinases_N	GHMP kinases N terminal domain	15	49239259	49282070	Yes	83	98	84.6938775510204
GRK2:67281093-67281184_67280731-67280783_67281458-67281558	1	0.9669	Other	GRK2	Inclusion	67281093	67281184	324	15.34	PF00069	11	1	Pkinase	Protein kinase domain	11	67281110	67283737	Yes	74	91	81.31868131868131
GRK3:25604377-25604453_25564674-25565153_25644591-25644665	1	0.828	Other	GRK3	Inclusion	25604377	25604453	324	3.068878504672897	PF00615	22	1	RGS	Regulator of G protein signaling domain	22	25604425	25672314	Yes	28	76	36.84210526315789
GRK3:25604377-25604453_25564674-25565153_25661575-25661677	1	0.759	Other	GRK3	Inclusion	25604377	25604453	324	3.068878504672897	PF00615	22	1	RGS	Regulator of G protein signaling domain	22	25604425	25672314	Yes	28	76	36.84210526315789
GRK3:25644592-25644665_25604376-25604453_25661575-25661677	4	0.79361538461538494	Other	GRK3	Inclusion	25644592	25644665	321	3.068878504672897	PF00615	22	1	RGS	Regulator of G protein signaling domain	22	25604425	25672314	Yes	73	73	100
GRK3:25672296-25672347_25667738-25667800_25674436-25674528	1	0.957	Other	GRK3	Inclusion	25672296	25672347	324	3.068878504672897	PF00615	22	1	RGS	Regulator of G protein signaling domain	22	25604425	25672314	Yes	18	51	35.294117647058826
GRK4:2988727-2988839_2963607-2964122_2992214-2992292	5	0.517915094339622	Other	GRK4	Inclusion	2988727	2988839	320	5.182757009345794	PF00615	4	1	RGS	Regulator of G protein signaling domain	4	2988734	3007805	Yes	105	112	93.75
GRK4:2988727-2988839_2963607-2964122_2992214-2992292	5	0.517915094339622	Other	GRK4	Skipping	2988727	2988839	320	5.182757009345794	PF00615	4	1	RGS	Regulator of G protein signaling domain	4	2988734	3007805	Yes	105	112	93.75
GRK4:3009648-3009711_3007735-3007828_3013687-3013828	5	0.737232758620689	Other	GRK4	Inclusion	3009648	3009711	320	5.182757009345794	PF00069	4	1	Pkinase	Protein kinase domain	4	3009675	3035463	Yes	36	63	57.14285714285714
HIPK3:33286413-33287511_33257380-33257889_33328509-33328633	2	0.95195	Modifications	HIPK3	Inclusion	33286413	33287511	323	19.62640186915888	PF00069	11	1	Pkinase	Protein kinase domain	11	33287002	33339496	Yes	509	1098	46.357012750455375
HIPK3:33286413-33287511_33257380-33257889_33328509-33328633	2	0.95195	Other	HIPK3	Inclusion	33286413	33287511	323	19.62640186915888	PF00069	11	1	Pkinase	Protein kinase domain	11	33287002	33339496	Yes	509	1098	46.357012750455375
HK1:69359897-69360045_69343826-69343989_69364782-69364786	4	0.973	Other	HK1	Inclusion	69359897	69360045	321	24.141121495327106	PF00349	10	1	Hexokinase_1	Hexokinase	10	69343826	69369302	Yes	148	148	100
HK1:69368536-69368631_69364782-69364902_69369236-69369336	1	0.980461538461538	Other	HK1	Inclusion	69368536	69368631	324	24.141121495327106	PF00349	10	1	Hexokinase_1	Hexokinase	10	69343826	69369302	Yes	95	95	100
HK1:69398595-69398828_69394949-69395105_69400990-69401443	7	0.97778021978022	Other	HK1	Inclusion	69398595	69398828	318	24.141121495327106	PF03727	10	1	Hexokinase_2	Hexokinase	10	69389277	69401102	Yes	233	233	100
IRAK1:154013043-154013433_154012528-154012678_154014041-154014246	2	0.965190476190476	Modifications	IRAK1	Inclusion	154013043	154013433	323	20.452710280373832	PF00069	X	-1	Pkinase	Protein kinase domain	X	154013394	154018688	Yes	39	390	10
IRAK1:154013043-154013433_154012528-154012678_154014041-154014246	2	0.965190476190476	Modifications	IRAK1	Inclusion	154013043	154013433	323	20.452710280373832	PF07714	X	-1	Pkinase_Tyr	Protein tyrosine kinase	X	154013422	154018682	Yes	11	390	2.8205128205128207
IRAK1:154013043-154013433_154012528-154012678_154014041-154014246	2	0.965190476190476	Other	IRAK1	Inclusion	154013043	154013433	323	20.452710280373832	PF00069	X	-1	Pkinase	Protein kinase domain	X	154013394	154018688	Yes	39	390	10
IRAK1:154013043-154013433_154012528-154012678_154014041-154014246	2	0.965190476190476	Other	IRAK1	Inclusion	154013043	154013433	323	20.452710280373832	PF07714	X	-1	Pkinase_Tyr	Protein tyrosine kinase	X	154013422	154018682	Yes	11	390	2.8205128205128207
IRAK1:154016032-154016097_154014041-154014278_154016436-154016644	1	0.955636363636364	Other	IRAK1	Inclusion	154016032	154016097	324	20.452710280373832	PF00069	X	-1	Pkinase	Protein kinase domain	X	154013394	154018688	Yes	65	65	100
IRAK1:154016032-154016097_154014041-154014278_154016436-154016644	1	0.955636363636364	Other	IRAK1	Inclusion	154016032	154016097	324	20.452710280373832	PF07714	X	-1	Pkinase_Tyr	Protein tyrosine kinase	X	154013422	154018682	Yes	65	65	100
LMTK3:48509135-48509248_48508850-48508969_48509436-48509513	6	0.444163366336633	Other	LMTK3	Skipping	48509135	48509248	319	9.415514018691589	PF07714	19	-1	Pkinase_Tyr	Protein tyrosine kinase	19	48499847	48509475	Yes	113	113	100
LRRK2:40340294-40340454_40334966-40335157_40346752-40346923	2	0.957590909090909	Other	LRRK2	Inclusion	40340294	40340454	323	7.022196261682243	PF00069	12	1	Pkinase	Protein kinase domain	12	40323302	40351544	Yes	160	160	100
LRRK2:40348409-40348509_40346752-40346923_40351538-40351733	1	0.960906976744186	Other	LRRK2	Inclusion	40348409	40348509	324	7.022196261682243	PF00069	12	1	Pkinase	Protein kinase domain	12	40323302	40351544	Yes	100	100	100
MAP2K3:21312142-21312281_21305050-21305128_21313491-21313537	2	0.950818181818182	Other	MAP2K3	Inclusion	21312142	21312281	323	6.615140186915888	PF00069	17	1	Pkinase	Protein kinase domain	17	21300574	21314161	Yes	139	139	100
MAP3K10:40192638-40192713_40192244-40192454_40198374-40198511	1	0.905095238095238	Other	MAP3K10	Inclusion	40192638	40192713	324	8.564065420560748	PF07714	19	1	Pkinase_Tyr	Protein tyrosine kinase	19	40192322	40205179	Yes	75	75	100
MAP3K10:40192638-40192713_40192244-40192454_40198374-40198511	1	0.905095238095238	Other	MAP3K10	Inclusion	40192638	40192713	324	8.564065420560748	PF07714	19	1	Pkinase_Tyr	Protein tyrosine kinase	19	40192322	40205179	Yes	75	75	100
MAP3K20:173090998-173091190_173075841-173076002_173169804-173169892	3	0.921051724137931	Modifications	MAP3K20	Inclusion	173090998	173091190	322	6.221401869158878	PF07714	2	1	Pkinase_Tyr	Protein tyrosine kinase	2	173091079	173209764	Yes	111	192	57.8125
MAP3K20:173090998-173091190_173075841-173076002_173169804-173169892	3	0.921051724137931	Other	MAP3K20	Inclusion	173090998	173091190	322	6.221401869158878	PF07714	2	1	Pkinase_Tyr	Protein tyrosine kinase	2	173091079	173209764	Yes	111	192	57.8125
MAP4K3:39378066-39378123_39356164-39356339_39436891-39437065	1	0.941692307692308	Other	MAP4K3	Inclusion	39378066	39378123	324	10.810514018691588	PF00069	2	-1	Pkinase	Protein kinase domain	2	39325616	39436942	Yes	57	57	100
MAP4K4:101790720-101790776_101698472-101698538_101823927-101824053	4	0.991632352941176	Other	MAP4K4	Inclusion	101790720	101790776	321	60.31084112149533	PF00069	2	1	Pkinase	Protein kinase domain	2	101698487	101839912	Yes	56	56	100
MAPKAPK3:50644409-50644532_50642252-50642332_50645709-50645785	1	0.956363636363636	Modifications	MAPKAPK3	Inclusion	50644409	50644532	324	7.69107476635514	PF00069	3	1	Pkinase	Protein kinase domain	3	50617703	50646822	Yes	123	123	100
MAPKAPK5:111866156-111866231_111865249-111865323_111867571-111867669	1	0.945354838709677	Other	MAPKAPK5	Inclusion	111866156	111866231	324	12.498317757009346	PF00069	12	1	Pkinase	Protein kinase domain	12	111865285	111885979	Yes	75	75	100
MAPKAPK5:111868753-111868861_111866155-111866231_111870270-111870360	2	0.824875	Modifications	MAPKAPK5	Inclusion	111868753	111868861	323	12.498317757009346	PF00069	12	1	Pkinase	Protein kinase domain	12	111865285	111885979	Yes	108	108	100
MAPKAPK5:111868753-111868861_111867571-111867669_111870270-111870360	9	0.823565573770492	Modifications	MAPKAPK5	Inclusion	111868753	111868861	316	12.498317757009346	PF00069	12	1	Pkinase	Protein kinase domain	12	111865285	111885979	Yes	108	108	100
MARK3:103405076-103405267_103385376-103386080_103428386-103428440	9	0.949398601398601	Modifications	MARK3	Inclusion	103405076	103405267	316	28.048925233644862	PF00069	14	1	Pkinase	Protein kinase domain	14	103405189	103466366	Yes	78	191	40.83769633507853
MARK3:103405076-103405267_103385376-103386080_103428386-103428440	9	0.949398601398601	Other	MARK3	Inclusion	103405076	103405267	316	28.048925233644862	PF00069	14	1	Pkinase	Protein kinase domain	14	103405189	103466366	Yes	78	191	40.83769633507853
MAST1:12843529-12843607_12840990-12841066_12847289-12847450	2	0.912529411764706	Modifications	MAST1	Inclusion	12843529	12843607	323	7.241168224299066	PF08926	19	1	DUF1908	Domain of unknown function (DUF1908)	19	12840998	12852243	Yes	78	78	100
MELK:36581644-36581739_36572861-36573007_36589535-36589652	2	0.775869565217391	Other	MELK	Inclusion	36581644	36581739	323	3.521308411214953	PF00069	9	1	Pkinase	Protein kinase domain	9	36581711	36633155	Yes	28	95	29.47368421052631
MELK:36583627-36583712_36581643-36581739_36589535-36589652	5	0.739702127659574	Other	MELK	Inclusion	36583627	36583712	320	3.521308411214953	PF00069	9	1	Pkinase	Protein kinase domain	9	36581711	36633155	Yes	85	85	100
MELK:36583627-36583712_36581643-36581739_36589535-36589652	5	0.739702127659574	Other	MELK	Skipping	36583627	36583712	320	3.521308411214953	PF00069	9	1	Pkinase	Protein kinase domain	9	36581711	36633155	Yes	85	85	100
MELK:36589536-36589652_36583626-36583712_36594627-36594771	1	0.874538461538461	Modifications	MELK	Inclusion	36589536	36589652	324	3.521308411214953	PF00069	9	1	Pkinase	Protein kinase domain	9	36581711	36633155	Yes	116	116	100
MELK:36594628-36594771_36589535-36589652_36597221-36597290	5	0.747153153153153	Other	MELK	Inclusion	36594628	36594771	320	3.521308411214953	PF00069	9	1	Pkinase	Protein kinase domain	9	36581711	36633155	Yes	143	143	100
MKNK1:46580530-46580627_46573733-46576654_46583227-46583329	1	0.9003	Other	MKNK1	Inclusion	46580530	46580627	324	8.678551401869159	PF00069	1	-1	Pkinase	Protein kinase domain	1	46561483	46580610	Yes	80	97	82.4742268041237
MKNK2:2046186-2046283_2043502-2043582_2046366-2046468	3	0.97085	Other	MKNK2	Inclusion	2046186	2046283	322	23.04056074766355	PF00069	19	-1	Pkinase	Protein kinase domain	19	2041045	2046266	Yes	80	97	82.4742268041237
MKNK2:2046186-2046283_2043502-2043582_2046366-2046468	3	0.97085	Other	MKNK2	Inclusion	2046186	2046283	322	23.04056074766355	PF00069	19	-1	Pkinase	Protein kinase domain	19	2041045	2046266	Yes	80	97	82.4742268041237
MOK:102251756-102251804_102250811-102250987_102251916-102251995	1	0.708571428571429	Other	MOK	Inclusion	102251756	102251804	324	8.175747663551402	PF00069	14	-1	Pkinase	Protein kinase domain	14	102232545	102283590	Yes	48	48	100
MTOR:11117004-11117086_11115395-11115468_11121245-11121368	3	0.931876712328768	Other	MTOR	Inclusion	11117004	11117086	322	11.809766355140187	PF00454	1	-1	PI3_PI4_kinase	Phosphatidylinositol 3- and 4-kinase	1	11114327	11124613	Yes	82	82	100
MVK:109581395-109581550_109575997-109576145_109586021-109586096	4	0.736030075187971	Other	MVK	Inclusion	109581395	109581550	321	3.7446728971962617	PF00288	12	1	GHMP_kinases_N	GHMP kinases N terminal domain	12	109579902	109586758	Yes	155	155	100
MVK:109581395-109581550_109579801-109579946_109586021-109586096	2	0.841423076923077	Other	MVK	Inclusion	109581395	109581550	323	3.7446728971962617	PF00288	12	1	GHMP_kinases_N	GHMP kinases N terminal domain	12	109579902	109586758	Yes	155	155	100
MYLK:123647224-123647427_123640286-123640504_123648970-123649064	2	0.947420289855072	Other	MYLK	Inclusion	123647224	123647427	323	13.251682242990654	PF00069	3	-1	Pkinase	Protein kinase domain	3	123626898	123648996	Yes	203	203	100
MYLK:123732896-123733102_123725943-123726078_123733686-123734222	6	0.51025	Modifications	MYLK	Inclusion	123732896	123733102	319	13.251682242990654	PF07679	3	-1	I-set	Immunoglobulin I-set domain	3	123732899	123733756	Yes	203	206	98.54368932038835
MYLK:123732896-123733102_123725943-123726078_123733686-123734222	6	0.51025	Disulfide Bond	MYLK	Inclusion	123732896	123733102	319	13.251682242990654	PF07679	3	-1	I-set	Immunoglobulin I-set domain	3	123732899	123733756	Yes	203	206	98.54368932038835
MYLK:123732896-123733102_123725943-123726078_123733686-123734222	6	0.51025	Modifications	MYLK	Skipping	123732896	123733102	319	13.251682242990654	PF07679	3	-1	I-set	Immunoglobulin I-set domain	3	123732899	123733756	Yes	203	206	98.54368932038835
MYLK:123732896-123733102_123725943-123726078_123733686-123734222	6	0.51025	Disulfide Bond	MYLK	Skipping	123732896	123733102	319	13.251682242990654	PF07679	3	-1	I-set	Immunoglobulin I-set domain	3	123732899	123733756	Yes	203	206	98.54368932038835
MYLK:123752331-123752538_123739952-123740001_123793676-123793844	1	0.87345	Other	MYLK	Inclusion	123752331	123752538	324	13.251682242990654	PF07679	3	-1	I-set	Immunoglobulin I-set domain	3	123752334	123793745	Yes	204	207	98.55072463768117
NADK2:36219596-36219679_36217747-36217884_36225541-36225612	1	0.957	Modifications	NADK2	Inclusion	36219596	36219679	324	15.708831775700936	PF01513	5	-1	NAD_kinase	ATP-NAD kinase	5	36201154	36227478	Yes	83	83	100
NADK:1754051-1754208_1751231-1753060_1754283-1754383	3	0.857725806451613	Other	NADK	Inclusion	1754051	1754208	322	14.415934579439252	PF01513	1	-1	NAD_kinase	ATP-NAD kinase	1	1753020	1757255	Yes	157	157	100
NADK:1754051-1754208_1753566-1753649_1754283-1754383	9	0.843920634920635	Other	NADK	Inclusion	1754051	1754208	316	14.415934579439252	PF01513	1	-1	NAD_kinase	ATP-NAD kinase	1	1753020	1757255	Yes	157	157	100
NAXD:110624234-110624279_110615544-110615647_110627438-110627547	2	0.426822222222222	Modifications	NAXD	Skipping	110624234	110624279	323	10.252897196261682	PF01256	13	1	Carb_kinase	Carbohydrate kinase	13	110622343	110638486	Yes	45	45	100
NAXD:110627439-110627547_110615554-110615647_110634544-110634595	8	0.819666666666667	Other	NAXD	Inclusion	110627439	110627547	317	10.252897196261682	PF01256	13	1	Carb_kinase	Carbohydrate kinase	13	110622343	110638486	Yes	108	108	100
NAXD:110627439-110627547_110615627-110615774_110634544-110634595	1	0.919714285714286	Other	NAXD	Inclusion	110627439	110627547	324	10.252897196261682	PF01256	13	1	Carb_kinase	Carbohydrate kinase	13	110622343	110638486	Yes	108	108	100
NAXD:110627439-110627547_110624233-110624279_110634544-110634595	1	0.909125	Other	NAXD	Inclusion	110627439	110627547	324	10.252897196261682	PF01256	13	1	Carb_kinase	Carbohydrate kinase	13	110622343	110638486	Yes	108	108	100
NAXD:110637129-110637249_110635467-110635588_110638377-110639973	1	0.945	Modifications	NAXD	Inclusion	110637129	110637249	324	10.252897196261682	PF01256	13	1	Carb_kinase	Carbohydrate kinase	13	110622343	110638486	Yes	120	120	100
NAXD:110637129-110637249_110635467-110635588_110638377-110639973	1	0.945	Other	NAXD	Inclusion	110637129	110637249	324	10.252897196261682	PF01256	13	1	Carb_kinase	Carbohydrate kinase	13	110622343	110638486	Yes	120	120	100
NEK11:131080423-131080588_131029597-131029878_131109802-131109921	1	0.889609756097561	Other	NEK11	Inclusion	131080423	131080588	324	4.577476635514019	PF00069	3	1	Pkinase	Protein kinase domain	3	131029792	131168835	Yes	165	165	100
NEK3:52156075-52156248_52154079-52154173_52159542-52159550	1	0.713	Modifications	NEK3	Inclusion	52156075	52156248	324	3.836214953271028	PF00069	13	-1	Pkinase	Protein kinase domain	13	52144735	52156182	Yes	107	173	61.849710982658955
NEK3:52156075-52156248_52154079-52154173_52159542-52159550	1	0.713	Other	NEK3	Inclusion	52156075	52156248	324	3.836214953271028	PF00069	13	-1	Pkinase	Protein kinase domain	13	52144735	52156182	Yes	107	173	61.849710982658955
NEK6:124301936-124302054_124257948-124258085_124312508-124312649	2	0.978132075471698	Modifications	NEK6	Inclusion	124301936	124302054	323	30.19752336448598	PF00069	9	1	Pkinase	Protein kinase domain	9	124302051	124350893	Yes	3	118	2.5423728813559325
NEK6:124301936-124302054_124257948-124258085_124312508-124312649	2	0.978132075471698	Other	NEK6	Inclusion	124301936	124302054	323	30.19752336448598	PF00069	9	1	Pkinase	Protein kinase domain	9	124302051	124350893	Yes	3	118	2.5423728813559325
NEK6:124312509-124312649_124301935-124302054_124313922-124313985	1	0.975454545454545	Modifications	NEK6	Inclusion	124312509	124312649	324	30.19752336448598	PF00069	9	1	Pkinase	Protein kinase domain	9	124302051	124350893	Yes	140	140	100
NEK6:124312509-124312649_124301935-124302054_124313922-124313985	1	0.975454545454545	Other	NEK6	Inclusion	124312509	124312649	324	30.19752336448598	PF00069	9	1	Pkinase	Protein kinase domain	9	124302051	124350893	Yes	140	140	100
NEK6:124327338-124327445_124326329-124326438_124339570-124339607	1	0.991307692307692	Modifications	NEK6	Inclusion	124327338	124327445	324	30.19752336448598	PF00069	9	1	Pkinase	Protein kinase domain	9	124302051	124350893	Yes	107	107	100
NEK6:124327338-124327445_124326329-124326438_124339570-124339607	1	0.991307692307692	Other	NEK6	Inclusion	124327338	124327445	324	30.19752336448598	PF00069	9	1	Pkinase	Protein kinase domain	9	124302051	124350893	Yes	107	107	100
NEK7:198253040-198253180_198232552-198232637_198262574-198262623	3	0.956837209302325	Other	NEK7	Inclusion	198253040	198253180	322	11.36752336448598	PF00069	1	1	Pkinase	Protein kinase domain	1	198253084	198319471	Yes	96	140	68.57142857142857
NEK9:75124046-75124223_75121118-75121174_75126702-75126964	3	0.931525	Modifications	NEK9	Inclusion	75124046	75124223	322	16.300794392523365	PF00069	14	-1	Pkinase	Protein kinase domain	14	75113355	75126759	Yes	177	177	100
NEK9:75124046-75124223_75121118-75121174_75126702-75126964	3	0.931525	Other	NEK9	Inclusion	75124046	75124223	322	16.300794392523365	PF00069	14	-1	Pkinase	Protein kinase domain	14	75113355	75126759	Yes	177	177	100
NIM1K:43245082-43246067_43192224-43192411_43277056-43277325	3	0.853565217391304	Other	NIM1K	Inclusion	43245082	43246067	322	4.672663551401869	PF00069	5	1	Pkinase	Protein kinase domain	5	43245994	43280393	Yes	73	985	7.411167512690356
NLK:28185179-28185265_28172516-28172618_28191020-28191172	3	0.930545454545455	Other	NLK	Inclusion	28185179	28185265	322	8.14981308411215	PF00069	17	1	Pkinase	Protein kinase domain	17	28043293	28191065	Yes	86	86	100
NPR2:35800022-35800157_35799617-35799731_35800388-35800483	1	0.934882352941176	Modifications	NPR2	Inclusion	35800022	35800157	324	5.326308411214954	PF01094	9	1	ANF_receptor	Receptor family ligand binding region	9	35792540	35800456	Yes	135	135	100
NPR2:35801926-35802000_35801642-35801763_35802205-35802283	6	0.759389743589744	Modifications	NPR2	Inclusion	35801926	35802000	319	5.326308411214954	PF07714	9	1	Pkinase_Tyr	Protein tyrosine kinase	9	35801985	35806210	Yes	15	74	20.27027027027027
PAK3:111144860-111144922_111142095-111142196_111146520-111146565	1	0.156090909090909	Other	PAK3	Skipping	111144860	111144922	324	5.430046728971963	PF00786	X	1	PBD	P21-Rho-binding domain	X	111142124	111147838	Yes	62	62	100
PAK3:111146521-111146565_111142095-111142196_111147736-111147890	10	0.164943089430894	Other	PAK3	Skipping	111146521	111146565	315	5.430046728971963	PF00786	X	1	PBD	P21-Rho-binding domain	X	111142124	111147838	Yes	44	44	100
PAPSS1:107701171-107701285_107693769-107694006_107720119-107720234	1	0.985566666666667	Other	PAPSS1	Inclusion	107701171	107701285	324	19.53308411214953	PF01583	4	-1	APS_kinase	Adenylylsulphate kinase	4	107682059	107701195	Yes	24	114	21.052631578947366
PDIK1L:26114292-26114593_26111164-26111420_26121836-26122124	1	0.879416666666667	Other	PDIK1L	Inclusion	26114292	26114593	324	3.187056074766355	PF00069	1	1	Pkinase	Protein kinase domain	1	26114329	26122523	Yes	264	301	87.70764119601328
PDIK1L:26114292-26114593_26111823-26111915_26121836-26122124	3	0.894057142857143	Other	PDIK1L	Inclusion	26114292	26114593	322	3.187056074766355	PF00069	1	1	Pkinase	Protein kinase domain	1	26114329	26122523	Yes	264	301	87.70764119601328
PDK1:172568741-172568817_172566855-172566933_172570725-172570812	7	0.81472619047619	Other	PDK1	Inclusion	172568741	172568817	318	4.110654205607476	PF02518	2	1	HATPase_c	Histidine kinase-, DNA gyrase B-, and HSP90-like ATPase	2	172568778	172593048	Yes	39	76	51.31578947368421
PDPK1:2566356-2566453_2561479-2561522_2577424-2577500	1	0.263565217391304	Other	PDPK1	Inclusion	2566356	2566453	324	10.738130841121496	PF00069	16	1	Pkinase	Protein kinase domain	16	2557924	2583450	Yes	97	97	100
PHKG1:56087598-56087776_56083649-56083715_56088858-56088975	6	0.82779797979798	Other	PHKG1	Inclusion	56087598	56087776	319	8.19126168224299	PF00069	7	-1	Pkinase	Protein kinase domain	7	56081683	56088884	Yes	178	178	100
PHKG2:30756367-30756520_30753393-30753557_30756589-30756715	10	0.774496644295302	Other	PHKG2	Inclusion	30756367	30756520	315	5.90322429906542	PF00069	16	1	Pkinase	Protein kinase domain	16	30748892	30756661	Yes	153	153	100
PKD2:88043233-88043457_88038250-88038501_88046641-88046870	3	0.940795454545454	Modifications	PKD2	Inclusion	88043233	88043457	322	7.93873831775701	PF08016	4	1	PKD_channel	Polycystin cation channel	4	88036311	88061947	Yes	224	224	100
PKD2:88057983-88058103_88056065-88056267_88061905-88062004	9	0.812107382550336	Other	PKD2	Inclusion	88057983	88058103	316	7.93873831775701	PF08016	4	1	PKD_channel	Polycystin cation channel	4	88036311	88061947	Yes	120	120	100
PKN2:88740988-88741288_88684221-88684628_88760221-88760376	2	0.957033333333334	Modifications	PKN2	Inclusion	88740988	88741288	323	9.294859813084113	PF02185	1	1	HR1	Hr1 repeat	1	88741089	88741263	Yes	174	300	57.99999999999999
PKN2:88740988-88741288_88684221-88684628_88760221-88760376	2	0.957033333333334	Other	PKN2	Inclusion	88740988	88741288	323	9.294859813084113	PF02185	1	1	HR1	Hr1 repeat	1	88741089	88741263	Yes	174	300	57.99999999999999
PRKCI:170267915-170268000_170263378-170263429_170270420-170270561	2	0.924130434782609	Other	PRKCI	Inclusion	170267915	170268000	323	6.4647196261682245	PF00130	3	1	C1_1	Phorbol esters/diacylglycerol binding domain (C1 domain)	3	170267970	170270546	Yes	30	85	35.294117647058826
PRKD3:37289356-37289513_37286176-37286369_37290867-37290962	2	0.957328125	Modifications	PRKD3	Inclusion	37289356	37289513	323	10.27929906542056	PF00130	2	-1	C1_1	Phorbol esters/diacylglycerol binding domain (C1 domain)	2	37289457	37290964	Yes	56	157	35.6687898089172
PRKDC:47782162-47782254_47779003-47779093_47782377-47782598	15	0.733955555555556	Modifications	PRKDC	Inclusion	47782162	47782254	310	37.19242990654205	PF00454	8	-1	PI3_PI4_kinase	Phosphatidylinositol 3- and 4-kinase	8	47777685	47782529	Yes	92	92	100
PRKDC:47782162-47782254_47779003-47779093_47782377-47782598	15	0.733955555555556	Modifications	PRKDC	Skipping	47782162	47782254	310	37.19242990654205	PF00454	8	-1	PI3_PI4_kinase	Phosphatidylinositol 3- and 4-kinase	8	47777685	47782529	Yes	92	92	100
PRKX:3641852-3641971_3626418-3626514_3655148-3655412	3	0.884162162162162	Modifications	PRKX	Inclusion	3641852	3641971	322	6.153271028037383	PF00069	X	-1	Pkinase	Protein kinase domain	X	3615856	3713103	Yes	119	119	100
PTK2:140664917-140664997_140657899-140659678_140668268-140668424	1	0.966333333333333	Other	PTK2	Inclusion	140664917	140664997	324	44.76602803738318	PF03623	8	-1	Focal_AT	Focal adhesion targeting region	8	140659492	140668398	Yes	80	80	100
PTK2:140739018-140739107_140735044-140735455_140743229-140743330	4	0.969943820224719	Modifications	PTK2	Inclusion	140739018	140739107	321	44.76602803738318	PF07714	8	-1	Pkinase_Tyr	Protein tyrosine kinase	8	140735252	140761238	Yes	89	89	100
PTK2:140744652-140744767_140743229-140743330_140746759-140746860	3	0.96711320754717	Other	PTK2	Inclusion	140744652	140744767	322	44.76602803738318	PF07714	8	-1	Pkinase_Tyr	Protein tyrosine kinase	8	140735252	140761238	Yes	115	115	100
PTK2:140752232-140752316_140746449-140746860_140761164-140761262	2	0.977914285714286	Other	PTK2	Inclusion	140752232	140752316	323	44.76602803738318	PF07714	8	-1	Pkinase_Tyr	Protein tyrosine kinase	8	140735252	140761238	Yes	84	84	100
RIOK3:23467399-23467526_23466132-23466276_23473428-23473483	5	0.924990291262136	Other	RIOK3	Inclusion	23467399	23467526	320	9.800093457943923	PF01163	18	1	RIO1	RIO1 family	18	23467503	23479358	Yes	23	127	18.11023622047244
RIPK1:3082547-3083313_3080978-3081116_3085258-3085408	1	0.766888888888889	Modifications	RIPK1	Inclusion	3082547	3083313	324	5.7615420560747665	PF07714	6	1	Pkinase_Tyr	Protein tyrosine kinase	6	3076883	3089594	Yes	766	766	100
RPS6KA4:64365301-64365465_64361851-64362002_64368131-64368260	3	0.937787878787879	Modifications	RPS6KA4	Inclusion	64365301	64365465	322	6.416028037383177	PF00433	11	1	Pkinase_C	Protein kinase C terminal domain	11	64365357	64368143	Yes	108	164	65.85365853658537
RPS6KB2:67431368-67431515_67429526-67429595_67432599-67432657	1	0.867913043478261	Other	RPS6KB2	Inclusion	67431368	67431515	324	8.153878504672898	PF00069	11	1	Pkinase	Protein kinase domain	11	67429198	67434212	Yes	147	147	100
RPS6KL1:74907435-74907530_74903950-74907124_74908849-74908932	3	0.755948051948052	Other	RPS6KL1	Inclusion	74907435	74907530	322	5.1117757009345794	PF00069	14	-1	Pkinase	Protein kinase domain	14	74907046	74911254	Yes	95	95	100
RPS6KL1:74909543-74910148_74909100-74909190_74911247-74911380	1	0.6732	Other	RPS6KL1	Inclusion	74909543	74910148	324	5.1117757009345794	PF00069	14	-1	Pkinase	Protein kinase domain	14	74907046	74911254	Yes	605	605	100
SPEG:219488498-219488665_219488193-219488310_219488777-219488900	1	0.83731914893617	Disulfide Bond	SPEG	Inclusion	219488498	219488665	324	16.589579439252336	PF07679	2	1	I-set	Immunoglobulin I-set domain	2	219488201	219488661	Yes	163	167	97.60479041916167
SRM:11055781-11055926_11054961-11055084_11056010-11056094	3	0.980301587301587	Other	SRM	Inclusion	11055781	11055926	322	28.274392523364487	PF01564	1	-1	Spermine_synth	Spermine/spermidine synthase	1	11055075	11059889	Yes	145	145	100
SRPK1:35870281-35870494_35869481-35869901_35870933-35870959	5	0.896762376237624	Modifications	SRPK1	Inclusion	35870281	35870494	320	8.293785046728972	PF00069	6	-1	Pkinase	Protein kinase domain	6	35835312	35888879	Yes	213	213	100
STK16:219247662-219247757_219247414-219247535_219248192-219248314	2	0.917078947368421	Modifications	STK16	Inclusion	219247662	219247757	323	5.8184579439252335	PF00069	2	1	Pkinase	Protein kinase domain	2	219246056	219248502	Yes	95	95	100
STK16:219247662-219247757_219247414-219247535_219248192-219248314	2	0.917078947368421	Other	STK16	Inclusion	219247662	219247757	323	5.8184579439252335	PF00069	2	1	Pkinase	Protein kinase domain	2	219246056	219248502	Yes	95	95	100
STK25:241501478-241501708_241500739-241500796_241508005-241508135	2	0.970208333333333	Other	STK25	Inclusion	241501478	241501708	323	35.73523364485981	PF00069	2	-1	Pkinase	Protein kinase domain	2	241498745	241508026	Yes	230	230	100
STK25:241501478-241501708_241500739-241500796_241508442-241508624	1	0.947608695652174	Other	STK25	Inclusion	241501478	241501708	324	35.73523364485981	PF00069	2	-1	Pkinase	Protein kinase domain	2	241498745	241508026	Yes	230	230	100
STK25:241501478-241501799_241500779-241500796_241508005-241508135	2	0.94125	Other	STK25	Inclusion	241501478	241501799	323	35.73523364485981	PF00069	2	-1	Pkinase	Protein kinase domain	2	241498745	241508026	Yes	321	321	100
STK32B:5139905-5139960_5051479-5051915_5168298-5168450	2	0.951714285714286	Other	STK32B	Inclusion	5139905	5139960	323	5.504112149532711	PF00069	4	1	Pkinase	Protein kinase domain	4	5139918	5460165	Yes	42	55	76.36363636363637
STK32B:5140197-5140306_5139904-5139960_5168298-5168450	4	0.0351944444444444	Other	STK32B	Skipping	5140197	5140306	321	5.504112149532711	PF00069	4	1	Pkinase	Protein kinase domain	4	5139918	5460165	Yes	109	109	100
STK33:8440678-8440753_8436026-8436139_8452821-8452906	4	0.85384693877551	Other	STK33	Inclusion	8440678	8440753	321	5.629439252336448	PF00069	11	-1	Pkinase	Protein kinase domain	11	8435496	8464816	Yes	75	75	100
STK33:8440678-8440753_8436026-8436139_8452821-8452906	4	0.85384693877551	Other	STK33	Skipping	8440678	8440753	321	5.629439252336448	PF00069	11	-1	Pkinase	Protein kinase domain	11	8435496	8464816	Yes	75	75	100
STK35:2116666-2117415_2102767-2103365_2143783-2148555	2	0.934416666666667	Other	STK35	Inclusion	2116666	2117415	323	4.843878504672897	PF00069	20	1	Pkinase	Protein kinase domain	20	2103076	2117339	Yes	673	749	89.85313751668892
STK38:36499873-36499990_36498362-36498486_36506582-36506644	3	0.87021568627451	Modifications	STK38	Inclusion	36499873	36499990	322	5.015140186915888	PF00069	6	-1	Pkinase	Protein kinase domain	6	36497844	36524382	Yes	117	117	100
STRADB:201469953-201470052_201458783-201458864_201472954-201473076	2	0.958448979591837	Other	STRADB	Inclusion	201469953	201470052	323	10.130467289719627	PF00069	2	1	Pkinase	Protein kinase domain	2	201470030	201479525	Yes	22	99	22.22222222222222
TAF1:71454170-71454237_71424153-71424238_71454740-71454857	1	0.913222222222222	Other	TAF1	Inclusion	71454170	71454237	324	13.387242990654206	PF00439	X	1	Bromodomain	Bromodomain	X	71423201	71454201	Yes	31	67	46.26865671641791
TAOK1:29480368-29480481_29478250-29478347_29482196-29482288	2	0.974026315789474	Other	TAOK1	Inclusion	29480368	29480481	323	22.201308411214953	PF00069	17	1	Pkinase	Protein kinase domain	17	29451629	29495568	Yes	113	113	100
TNK2:195882051-195882328_195879048-195879175_195883156-195883309	9	0.937845714285715	Modifications	TNK2	Inclusion	195882051	195882328	316	26.263130841121495	PF07714	3	-1	Pkinase_Tyr	Protein tyrosine kinase	3	195878451	195887008	Yes	277	277	100
TNK2:195882051-195882328_195879048-195879175_195883156-195883309	9	0.937845714285715	Other	TNK2	Inclusion	195882051	195882328	316	26.263130841121495	PF07714	3	-1	Pkinase_Tyr	Protein tyrosine kinase	3	195878451	195887008	Yes	277	277	100
TNK2:195885413-195885543_195884829-195885033_195886976-195887047	12	0.0545755102040816	Other	TNK2	Skipping	195885413	195885543	313	26.263130841121495	PF07714	3	-1	Pkinase_Tyr	Protein tyrosine kinase	3	195878451	195887008	Yes	130	130	100
TRPM7:50596255-50596381_50594428-50594613_50599121-50599296	1	0.932285714285714	Other	TRPM7	Inclusion	50596255	50596381	324	7.192336448598131	PF00520	15	-1	Ion_trans	Ion transport protein	15	50594591	50609583	Yes	126	126	100
TTBK2:42872611-42872758_42840359-42840433_42878548-42878684	1	0.891944444444444	Other	TTBK2	Inclusion	42872611	42872758	324	5.706401869158879	PF00069	15	-1	Pkinase	Protein kinase domain	15	42810712	42878554	Yes	147	147	100
TTN:178669373-178669447_178667637-178667721_178669591-178669675	1	0.326428571428571	Other	TTN	Skipping	178669373	178669447	324	1.075607476635514	PF02818	2	-1	PPAK	PPAK motif	2	178669379	178669604	Yes	68	74	91.8918918918919
TTN:178739141-178741921_178738081-178738360_178753123-178753180	1	0.237	Modifications	TTN	Skipping	178739141	178741921	324	1.075607476635514	PF07679	2	-1	I-set	Immunoglobulin I-set domain	2	178741505	178741772	Yes	267	2780	9.60431654676259
TTN:178739141-178741921_178738081-178738360_178753123-178753180	1	0.237	Modifications	TTN	Skipping	178739141	178741921	324	1.075607476635514	PF07679	2	-1	I-set	Immunoglobulin I-set domain	2	178741148	178741421	Yes	273	2780	9.820143884892087
TTN:178739141-178741921_178738081-178738360_178753123-178753180	1	0.237	Modifications	TTN	Skipping	178739141	178741921	324	1.075607476635514	PF07679	2	-1	I-set	Immunoglobulin I-set domain	2	178739150	178739417	Yes	267	2780	9.60431654676259
VRK3:49995191-49995275_49994813-49994919_50000789-50000854	1	0.791	Other	VRK3	Inclusion	49995191	49995275	324	10.187383177570094	PF00069	19	-1	Pkinase	Protein kinase domain	19	49981009	49995207	Yes	16	84	19.047619047619047
